Ano,Mes,Estado_Consumption,Biodiesel_Consumption (m3)
2012,1,AL,952.7110543
2012,1,AM,41.59597113
2012,1,BA,16362.90069
2012,1,CE,2517.532531
2012,1,DF,9055.63358
2012,1,ES,4940.462676
2012,1,GO,9336.177813
2012,1,MA,16452.83075
2012,1,MG,23264.12401
2012,1,MS,784.3898501
2012,1,MT,2850.519309
2012,1,PA,3691.473039
2012,1,PB,1258.950127
2012,1,PE,7300.175304
2012,1,PI,283.9379785
2012,1,PR,2631.975129
2012,1,RJ,3709.509002
2012,1,RN,3248.911808
2012,1,RO,313.6431846
2012,1,RR,0
2012,1,RS,40854.83675
2012,1,SC,3415.246224
2012,1,SE,1386.911225
2012,1,SP,37569.24245
2012,1,TO,52.24854394
2012,2,AL,706.4543221
2012,2,AM,0
2012,2,BA,16223.78
2012,2,CE,1916.128917
2012,2,DF,16251.61674
2012,2,ES,5032.254804
2012,2,GO,11466.55264
2012,2,MA,9406.883022
2012,2,MG,26546.93381
2012,2,MS,1162.786606
2012,2,MT,3341.953282
2012,2,PA,5792.207294
2012,2,PB,1327.037241
2012,2,PE,6832.036273
2012,2,PI,503.6551927
2012,2,PR,4341.304521
2012,2,RJ,4053.755749
2012,2,RN,2502.223365
2012,2,RO,0
2012,2,RR,0
2012,2,RS,41476.0876
2012,2,SC,3881.396872
2012,2,SE,150.9918983
2012,2,SP,50705.32746
2012,2,TO,273.7283928
2012,3,AL,1028.08905
2012,3,AM,105.2586482
2012,3,BA,18753.18652
2012,3,CE,3634.74646
2012,3,DF,17335.38083
2012,3,ES,4008.411743
2012,3,GO,9289.983456
2012,3,MA,7971.087504
2012,3,MG,25126.96258
2012,3,MS,767.8869003
2012,3,MT,1670.605117
2012,3,PA,7685.1511
2012,3,PB,1578.004058
2012,3,PE,7285.096864
2012,3,PI,105.5224574
2012,3,PR,4698.049355
2012,3,RJ,7789.878505
2012,3,RN,3225.56413
2012,3,RO,49.62193416
2012,3,RR,0
2012,3,RS,40563.55823
2012,3,SC,4845.082415
2012,3,SE,177.4974305
2012,3,SP,51857.10606
2012,3,TO,431.4856649
2012,4,AL,664.5315343
2012,4,AM,0
2012,4,BA,16027.79016
2012,4,CE,2768.44332
2012,4,DF,12485.79228
2012,4,ES,2578.311855
2012,4,GO,9706.644436
2012,4,MA,7362.664857
2012,4,MG,21696.61856
2012,4,MS,313.0399997
2012,4,MT,3227.681525
2012,4,PA,6581.721873
2012,4,PB,1218.815505
2012,4,PE,7003.250298
2012,4,PI,141.3753549
2012,4,PR,3566.291381
2012,4,RJ,4862.80561
2012,4,RN,2584.183623
2012,4,RO,0
2012,4,RR,0
2012,4,RS,35626.13011
2012,4,SC,4034.000641
2012,4,SE,163.1539491
2012,4,SP,39530.90013
2012,4,TO,0
2012,5,AL,984.3256864
2012,5,AM,0
2012,5,BA,21487.7505
2012,5,CE,2126.565728
2012,5,DF,11292.11403
2012,5,ES,2104.124706
2012,5,GO,10587.28652
2012,5,MA,10036.67047
2012,5,MG,24977.36793
2012,5,MS,555.7184875
2012,5,MT,5889.116919
2012,5,PA,6656.518734
2012,5,PB,1391.294876
2012,5,PE,7379.112508
2012,5,PI,578.7742978
2012,5,PR,2708.209487
2012,5,RJ,3082.928588
2012,5,RN,1981.520416
2012,5,RO,0
2012,5,RR,0
2012,5,RS,42851.54628
2012,5,SC,4329.950695
2012,5,SE,354.3141694
2012,5,SP,38267.16176
2012,5,TO,1642.181207
2012,6,AL,648.6537385
2012,6,AM,69.77778494
2012,6,BA,19696.05525
2012,6,CE,3296.021375
2012,6,DF,10837.05601
2012,6,ES,2943.390884
2012,6,GO,12637.93587
2012,6,MA,9885.161742
2012,6,MG,26733.87126
2012,6,MS,725.0593893
2012,6,MT,4873.952046
2012,6,PA,6949.433594
2012,6,PB,1289.014879
2012,6,PE,8857.856344
2012,6,PI,558.215423
2012,6,PR,4015.05097
2012,6,RJ,3231.170446
2012,6,RN,2705.196406
2012,6,RO,0
2012,6,RR,125.11725
2012,6,RS,39997.38775
2012,6,SC,4355.605977
2012,6,SE,139.063895
2012,6,SP,39110.9585
2012,6,TO,2736.946212
2012,7,AL,1278.969215
2012,7,AM,0
2012,7,BA,25623.79539
2012,7,CE,4921.250274
2012,7,DF,10415.9601
2012,7,ES,2283.5738
2012,7,GO,11132.4653
2012,7,MA,8570.302969
2012,7,MG,29451.81329
2012,7,MS,227.7951686
2012,7,MT,7086.210353
2012,7,PA,7442.258162
2012,7,PB,2436.369719
2012,7,PE,10220.33041
2012,7,PI,219.8256506
2012,7,PR,4356.445425
2012,7,RJ,4871.17972
2012,7,RN,3536.167042
2012,7,RO,142.4487308
2012,7,RR,0
2012,7,RS,36070.28457
2012,7,SC,2647.852287
2012,7,SE,161.9231222
2012,7,SP,47570.79835
2012,7,TO,1393.72596
2012,8,AL,1104.314868
2012,8,AM,0
2012,8,BA,28849.61714
2012,8,CE,3858.673111
2012,8,DF,16588.63501
2012,8,ES,3725.840775
2012,8,GO,15224.32607
2012,8,MA,9583.926014
2012,8,MG,32358.42183
2012,8,MS,823.3271958
2012,8,MT,9237.782355
2012,8,PA,10370.2532
2012,8,PB,2817.309336
2012,8,PE,9856.987196
2012,8,PI,241.2709315
2012,8,PR,4110.588316
2012,8,RJ,4227.357841
2012,8,RN,4064.0324
2012,8,RO,0
2012,8,RR,0
2012,8,RS,39863.40244
2012,8,SC,3111.069328
2012,8,SE,767.0102429
2012,8,SP,44587.62712
2012,8,TO,859.2902929
2012,9,AL,463.7549955
2012,9,AM,0
2012,9,BA,16243.72713
2012,9,CE,3782.354473
2012,9,DF,23313.50904
2012,9,ES,7177.655924
2012,9,GO,15195.68269
2012,9,MA,18776.66502
2012,9,MG,28222.32609
2012,9,MS,591.8039263
2012,9,MT,6298.670863
2012,9,PA,13690.15895
2012,9,PB,1884.59253
2012,9,PE,8129.770142
2012,9,PI,0
2012,9,PR,3484.90634
2012,9,RJ,7854.500759
2012,9,RN,3515.002012
2012,9,RO,0
2012,9,RR,0
2012,9,RS,37701.00634
2012,9,SC,3332.345437
2012,9,SE,176.8700621
2012,9,SP,50605.93477
2012,9,TO,1159.543511
2012,10,AL,940.9714402
2012,10,AM,27.96151813
2012,10,BA,16746.11581
2012,10,CE,5485.949579
2012,10,DF,16749.36454
2012,10,ES,4921.117837
2012,10,GO,15928.41076
2012,10,MA,12282.38668
2012,10,MG,28546.00325
2012,10,MS,296.5221458
2012,10,MT,6983.226586
2012,10,PA,8205.535483
2012,10,PB,2179.959273
2012,10,PE,8726.393583
2012,10,PI,52.01245908
2012,10,PR,3541.190358
2012,10,RJ,7873.670787
2012,10,RN,3473.079543
2012,10,RO,0
2012,10,RR,0
2012,10,RS,47555.43969
2012,10,SC,3561.115695
2012,10,SE,679.8641819
2012,10,SP,54879.08281
2012,10,TO,793.190001
2012,11,AL,1362.214296
2012,11,AM,0
2012,11,BA,19019.36929
2012,11,CE,4710.216474
2012,11,DF,11272.48519
2012,11,ES,3354.734706
2012,11,GO,12105.32696
2012,11,MA,15269.85306
2012,11,MG,30932.96848
2012,11,MS,166.5861744
2012,11,MT,10364.16168
2012,11,PA,9181.073608
2012,11,PB,2240.943206
2012,11,PE,9995.919912
2012,11,PI,147.4322603
2012,11,PR,3299.878633
2012,11,RJ,6159.655103
2012,11,RN,2991.455778
2012,11,RO,0
2012,11,RR,0
2012,11,RS,46206.87192
2012,11,SC,5214.242243
2012,11,SE,493.9701676
2012,11,SP,40304.80588
2012,11,TO,2113.322963
2012,12,AL,1686.750799
2012,12,AM,334.7275146
2012,12,BA,20620.94746
2012,12,CE,4877.333537
2012,12,DF,13298.08561
2012,12,ES,4396.731436
2012,12,GO,12904.24913
2012,12,MA,15241.23839
2012,12,MG,28794.18467
2012,12,MS,634.357387
2012,12,MT,11347.58772
2012,12,PA,10017.27998
2012,12,PB,2545.855881
2012,12,PE,10086.01275
2012,12,PI,62.28318574
2012,12,PR,2797.75691
2012,12,RJ,8095.209065
2012,12,RN,3337.528354
2012,12,RO,0
2012,12,RR,0
2012,12,RS,43335.09235
2012,12,SC,4767.917883
2012,12,SE,969.7852134
2012,12,SP,33447.52631
2012,12,TO,2510.048478
2013,1,AL,1108.169339
2013,1,AM,49.15201958
2013,1,BA,18442.28691
2013,1,CE,4835.235024
2013,1,DF,13255.70293
2013,1,ES,5356.738879
2013,1,GO,10447.85727
2013,1,MA,12300.83522
2013,1,MG,28459.38291
2013,1,MS,926.1914118
2013,1,MT,3368.325756
2013,1,PA,3805.991095
2013,1,PB,1764.586258
2013,1,PE,8469.293831
2013,1,PI,318.2388731
2013,1,PR,3643.110354
2013,1,RJ,6607.588111
2013,1,RN,4888.841501
2013,1,RO,370.617527
2013,1,RR,0
2013,1,RS,45125.23572
2013,1,SC,3821.589465
2013,1,SE,1613.219967
2013,1,SP,46456.129
2013,1,TO,57.78863554
2013,2,AL,753.6631336
2013,2,AM,0
2013,2,BA,16950.99253
2013,2,CE,3421.294535
2013,2,DF,14260.87969
2013,2,ES,4543.271222
2013,2,GO,10786.33567
2013,2,MA,6752.002036
2013,2,MG,28023.50011
2013,2,MS,832.9096878
2013,2,MT,2393.857351
2013,2,PA,4158.157919
2013,2,PB,1751.117728
2013,2,PE,7308.900158
2013,2,PI,476.3609323
2013,2,PR,4367.230356
2013,2,RJ,5873.595257
2013,2,RN,3546.209916
2013,2,RO,0
2013,2,RR,0
2013,2,RS,38091.05303
2013,2,SC,3580.255021
2013,2,SE,161.0819322
2013,2,SP,46546.8852
2013,2,TO,255.012571
2013,3,AL,1384.823063
2013,3,AM,119.9550779
2013,3,BA,22414.19229
2013,3,CE,6460.164989
2013,3,DF,19437.6125
2013,3,ES,3995.745446
2013,3,GO,10147.89705
2013,3,MA,6885.708719
2013,3,MG,28391.77161
2013,3,MS,875.1008543
2013,3,MT,1903.858451
2013,3,PA,8119.282508
2013,3,PB,2463.829978
2013,3,PE,9179.162315
2013,3,PI,112.3672594
2013,3,PR,5309.470356
2013,3,RJ,5312.743977
2013,3,RN,4775.315206
2013,3,RO,56.55025103
2013,3,RR,0
2013,3,RS,35486.53176
2013,3,SC,4276.989507
2013,3,SE,239.0868141
2013,3,SP,51894.71868
2013,3,TO,459.4743414
2013,4,AL,935.0442517
2013,4,AM,0
2013,4,BA,21176.99191
2013,4,CE,5941.870157
2013,4,DF,17916.30915
2013,4,ES,4360.090924
2013,4,GO,12541.58085
2013,4,MA,8405.250062
2013,4,MG,31155.00197
2013,4,MS,443.2750512
2013,4,MT,4570.504391
2013,4,PA,8889.755269
2013,4,PB,2110.413876
2013,4,PE,9602.548165
2013,4,PI,173.0885304
2013,4,PR,3892.166428
2013,4,RJ,7373.577514
2013,4,RN,4264.166187
2013,4,RO,0
2013,4,RR,0
2013,4,RS,38241.27253
2013,4,SC,4332.809863
2013,4,SE,229.5694852
2013,4,SP,65862.43144
2013,4,TO,0
2013,5,AL,805.2328204
2013,5,AM,0
2013,5,BA,19454.61417
2013,5,CE,3793.407617
2013,5,DF,10682.75674
2013,5,ES,2814.552212
2013,5,GO,9694.971433
2013,5,MA,9191.549715
2013,5,MG,31664.26523
2013,5,MS,463.471523
2013,5,MT,4911.547931
2013,5,PA,5593.299561
2013,5,PB,1575.45703
2013,5,PE,6487.875445
2013,5,PI,554.7293703
2013,5,PR,4717.498473
2013,5,RJ,6838.919363
2013,5,RN,3092.301392
2013,5,RO,0
2013,5,RR,0
2013,5,RS,52835.50389
2013,5,SC,5689.089046
2013,5,SE,289.8485754
2013,5,SP,58485.88785
2013,5,TO,1515.724614
2013,6,AL,535.4263388
2013,6,AM,65.48095499
2013,6,BA,18164.45212
2013,6,CE,3796.834685
2013,6,DF,11705.87208
2013,6,ES,3056.634071
2013,6,GO,12091.04822
2013,6,MA,9454.858865
2013,6,MG,30593.96697
2013,6,MS,680.4111263
2013,6,MT,4573.820089
2013,6,PA,6528.672675
2013,6,PB,1248.858548
2013,6,PE,7921.354573
2013,6,PI,539.1443189
2013,6,PR,6113.54875
2013,6,RJ,5680.71758
2013,6,RN,2890.668663
2013,6,RO,0
2013,6,RR,120.8426922
2013,6,RS,46656.09239
2013,6,SC,5402.488882
2013,6,SE,114.7892439
2013,6,SP,51485.1189
2013,6,TO,2625.188267
2013,7,AL,942.3976091
2013,7,AM,0
2013,7,BA,23414.92401
2013,7,CE,6130.25967
2013,7,DF,10181.10693
2013,7,ES,2044.489537
2013,7,GO,10722.88678
2013,7,MA,7580.905772
2013,7,MG,31569.43114
2013,7,MS,199.3571641
2013,7,MT,5654.051098
2013,7,PA,6007.531663
2013,7,PB,2098.152422
2013,7,PE,9467.5405
2013,7,PI,246.6077267
2013,7,PR,8780.01755
2013,7,RJ,7425.346858
2013,7,RN,3864.210991
2013,7,RO,113.6591157
2013,7,RR,0
2013,7,RS,50813.45748
2013,7,SC,4522.806193
2013,7,SE,117.1901073
2013,7,SP,64623.38261
2013,7,TO,1388.099068
2013,8,AL,781.1460698
2013,8,AM,0
2013,8,BA,23442.83413
2013,8,CE,5605.946428
2013,8,DF,13120.16869
2013,8,ES,3553.4188
2013,8,GO,11619.7512
2013,8,MA,7412.257619
2013,8,MG,26785.08437
2013,8,MS,611.3171644
2013,8,MT,6859.016614
2013,8,PA,7710.248459
2013,8,PB,2499.384521
2013,8,PE,7845.350731
2013,8,PI,187.0608541
2013,8,PR,8951.425295
2013,8,RJ,5810.031211
2013,8,RN,3907.405702
2013,8,RO,0
2013,8,RR,0
2013,8,RS,46398.09346
2013,8,SC,4606.618682
2013,8,SE,540.3280059
2013,8,SP,55414.56385
2013,8,TO,660.4001401
2013,9,AL,374.3335644
2013,9,AM,0
2013,9,BA,14676.64624
2013,9,CE,3735.101459
2013,9,DF,15251.92128
2013,9,ES,5787.852934
2013,9,GO,13231.74899
2013,9,MA,12566.96426
2013,9,MG,26540.63562
2013,9,MS,291.4747508
2013,9,MT,3102.21585
2013,9,PA,8669.087212
2013,9,PB,1606.235959
2013,9,PE,7193.711001
2013,9,PI,0
2013,9,PR,8282.161286
2013,9,RJ,12355.08324
2013,9,RN,3334.061701
2013,9,RO,0
2013,9,RR,0
2013,9,RS,44654.86609
2013,9,SC,5438.390714
2013,9,SE,142.7659032
2013,9,SP,63660.81077
2013,9,TO,876.7791684
2013,10,AL,714.3887345
2013,10,AM,23.97678873
2013,10,BA,15362.66693
2013,10,CE,4562.319832
2013,10,DF,17254.42897
2013,10,ES,5313.439858
2013,10,GO,15794.53416
2013,10,MA,16017.19211
2013,10,MG,31714.3576
2013,10,MS,254.2654805
2013,10,MT,5988.063586
2013,10,PA,7637.031222
2013,10,PB,1730.368452
2013,10,PE,7455.890388
2013,10,PI,53.17973147
2013,10,PR,8137.10102
2013,10,RJ,10083.84839
2013,10,RN,2887.2052
2013,10,RO,0
2013,10,RR,0
2013,10,RS,50773.94509
2013,10,SC,5509.511866
2013,10,SE,516.1552113
2013,10,SP,68201.51147
2013,10,TO,810.9909049
2013,11,AL,743.4276607
2013,11,AM,0
2013,11,BA,13513.19939
2013,11,CE,3224.32946
2013,11,DF,12221.75607
2013,11,ES,2702.404977
2013,11,GO,10716.49439
2013,11,MA,14249.87596
2013,11,MG,28330.68325
2013,11,MS,180.1382529
2013,11,MT,11207.30448
2013,11,PA,9362.223732
2013,11,PB,1293.592155
2013,11,PE,6773.504143
2013,11,PI,122.9520088
2013,11,PR,7040.839404
2013,11,RJ,8859.858652
2013,11,RN,1818.603516
2013,11,RO,0
2013,11,RR,0
2013,11,RS,50893.99541
2013,11,SC,8194.100986
2013,11,SE,269.583932
2013,11,SP,56649.91226
2013,11,TO,1830.777903
2013,12,AL,620.9064654
2013,12,AM,252.7970244
2013,12,BA,11753.41818
2013,12,CE,2479.867427
2013,12,DF,11068.807
2013,12,ES,3449.403689
2013,12,GO,9020.055388
2013,12,MA,10900.79255
2013,12,MG,23607.80369
2013,12,MS,479.0871763
2013,12,MT,8570.06456
2013,12,PA,7562.103506
2013,12,PB,1002.12749
2013,12,PE,5246.853366
2013,12,PI,42.22720732
2013,12,PR,6693.846585
2013,12,RJ,9436.313257
2013,12,RN,1431.223709
2013,12,RO,0
2013,12,RR,0
2013,12,RS,35533.37815
2013,12,SC,6495.982268
2013,12,SE,356.9856967
2013,12,SP,44933.50396
2013,12,TO,1742.19666
2014,1,AL,328.2413907
2014,1,AM,78.96355813
2014,1,BA,9790.823885
2014,1,CE,2502.134443
2014,1,DF,18113.31074
2014,1,ES,4945.141919
2014,1,GO,10734.89329
2014,1,MA,17574.99798
2014,1,MG,27360.06582
2014,1,MS,1431.402246
2014,1,MT,5411.272799
2014,1,PA,5826.247297
2014,1,PB,678.5859268
2014,1,PE,4316.496879
2014,1,PI,333.7558026
2014,1,PR,9453.67077
2014,1,RJ,12258.75014
2014,1,RN,2364.525766
2014,1,RO,595.4033808
2014,1,RR,0
2014,1,RS,45529.38393
2014,1,SC,5674.427882
2014,1,SE,477.8381307
2014,1,SP,58391.49276
2014,1,TO,52.24725754
2014,2,AL,244.4848511
2014,2,AM,0
2014,2,BA,9347.162811
2014,2,CE,2082.754872
2014,2,DF,20733.99521
2014,2,ES,4070.593557
2014,2,GO,11638.22222
2014,2,MA,8338.90091
2014,2,MG,26701.87073
2014,2,MS,1714.891226
2014,2,MT,4928.751613
2014,2,PA,8050.580913
2014,2,PB,798.418434
2014,2,PE,4041.121172
2014,2,PI,487.3831925
2014,2,PR,9557.820125
2014,2,RJ,8438.284822
2014,2,RN,2108.137158
2014,2,RO,0
2014,2,RR,0
2014,2,RS,48196.15044
2014,2,SC,5674.424669
2014,2,SE,52.25423729
2014,2,SP,62177.57754
2014,2,TO,273.4623008
2014,3,AL,863.5013688
2014,3,AM,153.4479902
2014,3,BA,19465.40514
2014,3,CE,5407.290613
2014,3,DF,23958.18699
2014,3,ES,3957.451699
2014,3,GO,11503.03394
2014,3,MA,7071.467738
2014,3,MG,31132.91809
2014,3,MS,1119.439624
2014,3,MT,2435.438816
2014,3,PA,9912.063109
2014,3,PB,1829.545454
2014,3,PE,6850.685084
2014,3,PI,116.2578109
2014,3,PR,11587.02615
2014,3,RJ,7634.803965
2014,3,RN,3350.389289
2014,3,RO,72.3397668
2014,3,RR,0
2014,3,RS,46920.63059
2014,3,SC,5775.766595
2014,3,SE,149.0817106
2014,3,SP,69359.2295
2014,3,TO,475.3829667
2014,4,AL,452.7920194
2014,4,AM,0
2014,4,BA,16807.59631
2014,4,CE,4451.20143
2014,4,DF,17666.39744
2014,4,ES,4155.1715
2014,4,GO,12416.34336
2014,4,MA,8080.131046
2014,4,MG,31976.75679
2014,4,MS,408.0920585
2014,4,MT,4207.74086
2014,4,PA,8302.128515
2014,4,PB,1222.337402
2014,4,PE,6176.606856
2014,4,PI,178.950237
2014,4,PR,9070.816695
2014,4,RJ,10022.63256
2014,4,RN,2625.325014
2014,4,RO,0
2014,4,RR,0
2014,4,RS,35301.06878
2014,4,SC,4319.788597
2014,4,SE,111.1682475
2014,4,SP,74646.47328
2014,4,TO,0
2014,5,AL,519.0219341
2014,5,AM,0
2014,5,BA,16465.28897
2014,5,CE,3053.236757
2014,5,DF,14466.84347
2014,5,ES,3556.968215
2014,5,GO,11910.1221
2014,5,MA,11289.7487
2014,5,MG,34344.92739
2014,5,MS,680.5288964
2014,5,MT,7211.770579
2014,5,PA,8100.630733
2014,5,PB,1125.077318
2014,5,PE,5476.184994
2014,5,PI,620.9260297
2014,5,PR,9840.24058
2014,5,RJ,12747.28177
2014,5,RN,2436.492589
2014,5,RO,0
2014,5,RR,0
2014,5,RS,33056.95715
2014,5,SC,4641.826302
2014,5,SE,186.825182
2014,5,SP,54884.78144
2014,5,TO,1832.792894
2014,6,AL,334.3312756
2014,6,AM,96.15334166
2014,6,BA,13353.99059
2014,6,CE,3480.162964
2014,6,DF,15530.78727
2014,6,ES,3985.40135
2014,6,GO,14623.6984
2014,6,MA,11469.00418
2014,6,MG,31994.74708
2014,6,MS,999.1272043
2014,6,MT,6716.274767
2014,6,PA,9489.683761
2014,6,PB,952.9954762
2014,6,PE,6631.684918
2014,6,PI,584.5740435
2014,6,PR,11903.6688
2014,6,RJ,10426.47458
2014,6,RN,2503.597728
2014,6,RO,0
2014,6,RR,131.0252166
2014,6,RS,37651.57119
2014,6,SC,5351.039405
2014,6,SE,71.67677707
2014,6,SP,56950.07438
2014,6,TO,3086.40429
2014,7,AL,547.0438923
2014,7,AM,0
2014,7,BA,20866.19493
2014,7,CE,5505.241212
2014,7,DF,16133.63263
2014,7,ES,2642.905793
2014,7,GO,14663.69167
2014,7,MA,11487.39734
2014,7,MG,35708.38534
2014,7,MS,312.102646
2014,7,MT,9708.831908
2014,7,PA,10172.84814
2014,7,PB,1472.551478
2014,7,PE,8337.550147
2014,7,PI,276.7542329
2014,7,PR,10188.46981
2014,7,RJ,7270.863338
2014,7,RN,3605.557206
2014,7,RO,195.1693096
2014,7,RR,0
2014,7,RS,55051.47661
2014,7,SC,4225.449288
2014,7,SE,64.67740342
2014,7,SP,75362.01852
2014,7,TO,1814.844157
2014,8,AL,986.9598052
2014,8,AM,0
2014,8,BA,28697.45758
2014,8,CE,6564.645316
2014,8,DF,19502.87003
2014,8,ES,4734.246816
2014,8,GO,16077.11076
2014,8,MA,10844.48528
2014,8,MG,35586.69566
2014,8,MS,968.2277051
2014,8,MT,10863.57508
2014,8,PA,12135.32461
2014,8,PB,3055.771855
2014,8,PE,9842.770241
2014,8,PI,237.9268736
2014,8,PR,9906.952936
2014,8,RJ,6076.30958
2014,8,RN,4763.039827
2014,8,RO,0
2014,8,RR,0
2014,8,RS,54317.33624
2014,8,SC,4760.736927
2014,8,SE,682.4776172
2014,8,SP,66649.49481
2014,8,TO,881.0494408
2014,9,AL,348.762495
2014,9,AM,0
2014,9,BA,14797.3012
2014,9,CE,3003.94298
2014,9,DF,24515.85804
2014,9,ES,8681.802953
2014,9,GO,16830.57922
2014,9,MA,18715.38222
2014,9,MG,32359.52979
2014,9,MS,595.3123037
2014,9,MT,6336.011127
2014,9,PA,13904.72813
2014,9,PB,1432.885689
2014,9,PE,7045.88911
2014,9,PI,0
2014,9,PR,10145.61867
2014,9,RJ,14828.29625
2014,9,RN,2802.448476
2014,9,RO,0
2014,9,RR,0
2014,9,RS,51501.97038
2014,9,SC,6982.089795
2014,9,SE,133.0134333
2014,9,SP,75628.75045
2014,9,TO,1234.953293
2014,10,AL,845.4783614
2014,10,AM,27.89563549
2014,10,BA,16966.88498
2014,10,CE,5323.059789
2014,10,DF,19297.98411
2014,10,ES,6938.657522
2014,10,GO,17059.66091
2014,10,MA,20408.93088
2014,10,MG,34205.11015
2014,10,MS,295.8234834
2014,10,MT,6966.772781
2014,10,PA,8443.533507
2014,10,PB,2039.724868
2014,10,PE,8462.355296
2014,10,PI,55.56432702
2014,10,PR,11064.38078
2014,10,RJ,12110.32597
2014,10,RN,3354.720467
2014,10,RO,0
2014,10,RR,0
2014,10,RS,56017.24661
2014,10,SC,7142.232147
2014,10,SE,610.8691826
2014,10,SP,82377.48526
2014,10,TO,847.355987
2014,11,AL,1406.404809
2014,11,AM,0
2014,11,BA,19222.4671
2014,11,CE,4861.496442
2014,11,DF,14031.23364
2014,11,ES,3131.707954
2014,11,GO,12833.77683
2014,11,MA,16739.06162
2014,11,MG,33738.228
2014,11,MS,198.9478199
2014,11,MT,12377.54201
2014,11,PA,10556.31784
2014,11,PB,2316.15293
2014,11,PE,10379.88464
2014,11,PI,151.1486155
2014,11,PR,7741.420382
2014,11,RJ,9822.920853
2014,11,RN,3092.69944
2014,11,RO,0
2014,11,RR,0
2014,11,RS,60890.0621
2014,11,SC,8809.446122
2014,11,SE,509.9946618
2014,11,SP,63694.71309
2014,11,TO,2213.307109
2014,12,AL,1676.253665
2014,12,AM,430.8707989
2014,12,BA,21882.36611
2014,12,CE,5082.831164
2014,12,DF,17376.26785
2014,12,ES,5721.915284
2014,12,GO,14719.01913
2014,12,MA,18104.67904
2014,12,MG,35033.1997
2014,12,MS,816.562912
2014,12,MT,14606.9384
2014,12,PA,12452.08837
2014,12,PB,2551.329083
2014,12,PE,10690.2138
2014,12,PI,68.22730043
2014,12,PR,7372.887091
2014,12,RJ,13919.21778
2014,12,RN,3383.241026
2014,12,RO,0
2014,12,RR,0
2014,12,RS,68029.5097
2014,12,SC,10113.69729
2014,12,SE,963.7499617
2014,12,SP,61269.86958
2014,12,TO,2849.947958
2015,1,AL,849.8523079
2015,1,AM,89.10238296
2015,1,BA,17150.0764
2015,1,CE,4143.016442
2015,1,DF,20730.45986
2015,1,ES,7160.368554
2015,1,GO,15229.03798
2015,1,MA,22676.99553
2015,1,MG,36886.26173
2015,1,MS,1633.861992
2015,1,MT,6106.073646
2015,1,PA,6854.089165
2015,1,PB,1409.36841
2015,1,PE,8144.598278
2015,1,PI,468.3225467
2015,1,PR,9116.832042
2015,1,RJ,13140.84857
2015,1,RN,4291.999311
2015,1,RO,671.8524508
2015,1,RR,0
2015,1,RS,63647.1872
2015,1,SC,7213.602592
2015,1,SE,1237.174377
2015,1,SP,69334.97238
2015,1,TO,79.92884806
2015,2,AL,859.4132598
2015,2,AM,0
2015,2,BA,19681.6461
2015,2,CE,3482.666916
2015,2,DF,26814.53663
2015,2,ES,5671.624091
2015,2,GO,15702.21294
2015,2,MA,12838.01755
2015,2,MG,35217.6555
2015,2,MS,2149.418126
2015,2,MT,6177.621004
2015,2,PA,10234.81229
2015,2,PB,1894.095894
2015,2,PE,8426.475513
2015,2,PI,663.1370076
2015,2,PR,9929.631422
2015,2,RJ,8542.241713
2015,2,RN,3816.130583
2015,2,RO,0
2015,2,RR,0
2015,2,RS,51301.24745
2015,2,SC,5549.643866
2015,2,SE,183.6841186
2015,2,SP,73118.69897
2015,2,TO,369.4000547
2015,3,AL,1153.485718
2015,3,AM,200.3884853
2015,3,BA,22209.1331
2015,3,CE,6122.482327
2015,3,DF,29925.67342
2015,3,ES,4970.150988
2015,3,GO,14534.04778
2015,3,MA,8036.446348
2015,3,MG,37518.04274
2015,3,MS,1461.881712
2015,3,MT,3180.45153
2015,3,PA,12602.68711
2015,3,PB,2164.725413
2015,3,PE,8812.491427
2015,3,PI,142.8549619
2015,3,PR,15415.25254
2015,3,RJ,8885.193489
2015,3,RN,4120.388238
2015,3,RO,94.46885734
2015,3,RR,0
2015,3,RS,48605.62488
2015,3,SC,6018.557642
2015,3,SE,199.1469037
2015,3,SP,85061.20557
2015,3,TO,584.1398099
2015,4,AL,1001.81819
2015,4,AM,0
2015,4,BA,22005.43045
2015,4,CE,4802.797178
2015,4,DF,21005.45572
2015,4,ES,4707.736515
2015,4,GO,14667.12568
2015,4,MA,4230.91196
2015,4,MG,35719.27632
2015,4,MS,593.4082028
2015,4,MT,6118.491869
2015,4,PA,10656.82575
2015,4,PB,1978.211933
2015,4,PE,9836.44328
2015,4,PI,183.9132461
2015,4,PR,12117.76605
2015,4,RJ,13399.5201
2015,4,RN,4074.575887
2015,4,RO,0
2015,4,RR,0
2015,4,RS,52601.84188
2015,4,SC,6535.03246
2015,4,SE,245.9636384
2015,4,SP,97489.22669
2015,4,TO,0
2015,5,AL,615.3876708
2015,5,AM,0
2015,5,BA,20543.89968
2015,5,CE,3167.769141
2015,5,DF,19241.29296
2015,5,ES,5024.32647
2015,5,GO,14524.47379
2015,5,MA,13765.38411
2015,5,MG,41227.19568
2015,5,MS,976.3951356
2015,5,MT,10347.15462
2015,5,PA,11498.77857
2015,5,PB,1241.047871
2015,5,PE,6212.566523
2015,5,PI,677.4316658
2015,5,PR,12196.5401
2015,5,RJ,11367.40561
2015,5,RN,2563.500149
2015,5,RO,0
2015,5,RR,0
2015,5,RS,61192.04791
2015,5,SC,7021.145656
2015,5,SE,221.5126299
2015,5,SP,86078.13844
2015,5,TO,2196.556612
2015,6,AL,182.2454088
2015,6,AM,132.0071987
2015,6,BA,12783.97742
2015,6,CE,4565.813071
2015,6,DF,19534.99604
2015,6,ES,5761.308277
2015,6,GO,17520.94228
2015,6,MA,13774.62218
2015,6,MG,37981.63791
2015,6,MS,1371.683824
2015,6,MT,9220.6532
2015,6,PA,12948.93491
2015,6,PB,958.1771157
2015,6,PE,5950.512252
2015,6,PI,633.4945158
2015,6,PR,13199.15313
2015,6,RJ,9623.69409
2015,6,RN,2986.434907
2015,6,RO,0
2015,6,RR,141.9901501
2015,6,RS,58443.42832
2015,6,SC,7077.159602
2015,6,SE,39.07131785
2015,6,SP,82262.05545
2015,6,TO,3610.010432
2015,7,AL,1233.036354
2015,7,AM,0
2015,7,BA,28774.01606
2015,7,CE,5935.178708
2015,7,DF,18695.53615
2015,7,ES,3147.240023
2015,7,GO,17291.25805
2015,7,MA,13738.21049
2015,7,MG,37606.25884
2015,7,MS,378.6648316
2015,7,MT,11779.43618
2015,7,PA,12323.8105
2015,7,PB,2511.974464
2015,7,PE,12028.52168
2015,7,PI,316.6875182
2015,7,PR,12045.97103
2015,7,RJ,8172.984131
2015,7,RN,4375.427056
2015,7,RO,236.7931023
2015,7,RR,0
2015,7,RS,60563.93037
2015,7,SC,4684.695426
2015,7,SE,153.4817311
2015,7,SP,80924.45677
2015,7,TO,2127.891538
2015,8,AL,1130.517015
2015,8,AM,0
2015,8,BA,31250.5262
2015,8,CE,7529.189316
2015,8,DF,24246.85194
2015,8,ES,4846.992628
2015,8,GO,18201.67104
2015,8,MA,12651.37446
2015,8,MG,35478.12149
2015,8,MS,1163.129238
2015,8,MT,13050.38241
2015,8,PA,14541.59626
2015,8,PB,3485.670547
2015,8,PE,10951.66321
2015,8,PI,257.9420304
2015,8,PR,11385.99818
2015,8,RJ,6878.171343
2015,8,RN,5326.82553
2015,8,RO,0
2015,8,RR,0
2015,8,RS,57987.22077
2015,8,SC,4886.855702
2015,8,SE,783.7250581
2015,8,SP,72942.21255
2015,8,TO,979.6030849
2015,9,AL,519.7733599
2015,9,AM,0
2015,9,BA,17283.71404
2015,9,CE,4334.099925
2015,9,DF,31770.26647
2015,9,ES,6113.33266
2015,9,GO,18033.97347
2015,9,MA,25121.0902
2015,9,MG,30358.38404
2015,9,MS,833.8917878
2015,9,MT,8875.253565
2015,9,PA,18685.78263
2015,9,PB,2124.755941
2015,9,PE,8804.991306
2015,9,PI,0
2015,9,PR,9447.546413
2015,9,RJ,9019.983259
2015,9,RN,4003.759646
2015,9,RO,0
2015,9,RR,0
2015,9,RS,56354.94071
2015,9,SC,5125.159721
2015,9,SE,198.2347303
2015,9,SP,71624.41639
2015,9,TO,1422.557731
2015,10,AL,1199.644389
2015,10,AM,55.69341616
2015,10,BA,19787.66756
2015,10,CE,4849.959756
2015,10,DF,30958.12716
2015,10,ES,6259.219906
2015,10,GO,19892.37563
2015,10,MA,29984.06494
2015,10,MG,32714.23646
2015,10,MS,590.6092504
2015,10,MT,13909.10689
2015,10,PA,12621.98045
2015,10,PB,2295.282746
2015,10,PE,10210.41248
2015,10,PI,50.45585976
2015,10,PR,9473.726791
2015,10,RJ,10500.39674
2015,10,RN,3249.282531
2015,10,RO,0
2015,10,RR,0
2015,10,RS,62782.09318
2015,10,SC,4923.670895
2015,10,SE,866.7587735
2015,10,SP,81138.66234
2015,10,TO,769.4518613
2015,11,AL,1195.563802
2015,11,AM,0
2015,11,BA,18354.14796
2015,11,CE,4176.916012
2015,11,DF,17667.11053
2015,11,ES,3548.710949
2015,11,GO,14000.7524
2015,11,MA,21904.75237
2015,11,MG,31722.17323
2015,11,MS,364.5400273
2015,11,MT,22679.86402
2015,11,PA,16438.92073
2015,11,PB,2001.380899
2015,11,PE,9918.523072
2015,11,PI,131.2784095
2015,11,PR,8481.296296
2015,11,RJ,9681.865148
2015,11,RN,2698.848345
2015,11,RO,0
2015,11,RR,0
2015,11,RS,55460.20059
2015,11,SC,6456.304259
2015,11,SE,433.5388737
2015,11,SP,59969.04044
2015,11,TO,2240.392645
2015,12,AL,1661.223247
2015,12,AM,549.0456853
2015,12,BA,21925.27889
2015,12,CE,4700.333903
2015,12,DF,19028.18972
2015,12,ES,4626.879993
2015,12,GO,14370.4446
2015,12,MA,19642.34527
2015,12,MG,28534.42468
2015,12,MS,1040.521532
2015,12,MT,18613.18179
2015,12,PA,14367.24705
2015,12,PB,2502.473029
2015,12,PE,10402.8584
2015,12,PI,59.89895784
2015,12,PR,7701.777066
2015,12,RJ,12525.05233
2015,12,RN,3271.880619
2015,12,RO,0
2015,12,RR,0
2015,12,RS,46914.33009
2015,12,SC,5477.112296
2015,12,SE,955.1083314
2015,12,SP,50723.02371
2015,12,TO,2768.993797
2016,1,AL,1130
2016,1,AM,87
2016,1,BA,20070
2016,1,CE,4068
2016,1,DF,19280
2016,1,ES,5393
2016,1,GO,12068
2016,1,MA,18941
2016,1,MG,29968
2016,1,MS,1607
2016,1,MT,5962
2016,1,PA,6391
2016,1,PB,1664
2016,1,PE,8649
2016,1,PI,374
2016,1,PR,10906
2016,1,RJ,12984
2016,1,RN,4473
2016,1,RO,656
2016,1,RR,0
2016,1,RS,42466
2016,1,SC,5646
2016,1,SE,1645
2016,1,SP,57535
2016,1,TO,59
2016,2,AL,903
2016,2,AM,0
2016,2,BA,20905
2016,2,CE,3545
2016,2,DF,25998
2016,2,ES,4520
2016,2,GO,13717
2016,2,MA,11013
2016,2,MG,32849
2016,2,MS,2335
2016,2,MT,6711
2016,2,PA,10785
2016,2,PB,1966
2016,2,PE,8184
2016,2,PI,559
2016,2,PR,12958
2016,2,RJ,10681
2016,2,RN,3748
2016,2,RO,0
2016,2,RR,0
2016,2,RS,47469
2016,2,SC,6155
2016,2,SE,193
2016,2,SP,71893
2016,2,TO,319
2016,3,AL,1031
2016,3,AM,210
2016,3,BA,22539
2016,3,CE,4669
2016,3,DF,33565
2016,3,ES,4609
2016,3,GO,15071
2016,3,MA,12670
2016,3,MG,37624
2016,3,MS,1532
2016,3,MT,3333
2016,3,PA,14469
2016,3,PB,1803
2016,3,PE,8280
2016,3,PI,146
2016,3,PR,13060
2016,3,RJ,9563
2016,3,RN,3515
2016,3,RO,99
2016,3,RR,0
2016,3,RS,56324
2016,3,SC,6922
2016,3,SE,178
2016,3,SP,80769
2016,3,TO,597
2016,4,AL,725
2016,4,AM,0
2016,4,BA,21465
2016,4,CE,4472
2016,4,DF,23296
2016,4,ES,4317
2016,4,GO,15457
2016,4,MA,11997
2016,4,MG,36511
2016,4,MS,576
2016,4,MT,5939
2016,4,PA,11724
2016,4,PB,1547
2016,4,PE,8606
2016,4,PI,206
2016,4,PR,10428
2016,4,RJ,12800
2016,4,RN,3312
2016,4,RO,0
2016,4,RR,0
2016,4,RS,54547
2016,4,SC,6528
2016,4,SE,178
2016,4,SP,87435
2016,4,TO,0
2016,5,AL,914
2016,5,AM,0
2016,5,BA,22458
2016,5,CE,3961
2016,5,DF,19668
2016,5,ES,4094
2016,5,GO,13445
2016,5,MA,12740
2016,5,MG,34910
2016,5,MS,1038
2016,5,MT,11000
2016,5,PA,12128
2016,5,PB,1720
2016,5,PE,6998
2016,5,PI,554
2016,5,PR,10362
2016,5,RJ,8802
2016,5,RN,3261
2016,5,RO,0
2016,5,RR,0
2016,5,RS,57368
2016,5,SC,6304
2016,5,SE,329
2016,5,SP,76489
2016,5,TO,1998
2016,6,AL,695
2016,6,AM,133
2016,6,BA,22036
2016,6,CE,4741
2016,6,DF,19673
2016,6,ES,5071
2016,6,GO,16772
2016,6,MA,13199
2016,6,MG,36610
2016,6,MS,1382
2016,6,MT,9290
2016,6,PA,13019
2016,6,PB,1578
2016,6,PE,9692
2016,6,PI,580
2016,6,PR,12179
2016,6,RJ,8919
2016,6,RN,3551
2016,6,RO,0
2016,6,RR,130
2016,6,RS,56928
2016,6,SC,6810
2016,6,SE,149
2016,6,SP,77538
2016,6,TO,3421
2016,7,AL,954
2016,7,AM,0
2016,7,BA,21187
2016,7,CE,4107
2016,7,DF,17769
2016,7,ES,2803
2016,7,GO,15020
2016,7,MA,12675
2016,7,MG,32460
2016,7,MS,414
2016,7,MT,11541
2016,7,PA,12001
2016,7,PB,1885
2016,7,PE,9088
2016,7,PI,235
2016,7,PR,13918
2016,7,RJ,11729
2016,7,RN,3173
2016,7,RO,232
2016,7,RR,0
2016,7,RS,52502
2016,7,SC,5824
2016,7,SE,119
2016,7,SP,80695
2016,7,TO,1793
2016,8,AL,893
2016,8,AM,0
2016,8,BA,22435
2016,8,CE,5236
2016,8,DF,25366
2016,8,ES,4918
2016,8,GO,17485
2016,8,MA,12941
2016,8,MG,32841
2016,8,MS,1286
2016,8,MT,14429
2016,8,PA,15991
2016,8,PB,2617
2016,8,PE,8792
2016,8,PI,219
2016,8,PR,13280
2016,8,RJ,9982
2016,8,RN,4068
2016,8,RO,0
2016,8,RR,0
2016,8,RS,56629
2016,8,SC,6912
2016,8,SE,617
2016,8,SP,73394
2016,8,TO,896
2016,9,AL,548
2016,9,AM,0
2016,9,BA,20590
2016,9,CE,4236
2016,9,DF,24383
2016,9,ES,5176
2016,9,GO,19343
2016,9,MA,20042
2016,9,MG,35289
2016,9,MS,681
2016,9,MT,7248
2016,9,PA,14645
2016,9,PB,2196
2016,9,PE,10063
2016,9,PI,0
2016,9,PR,12659
2016,9,RJ,13724
2016,9,RN,4035
2016,9,RO,0
2016,9,RR,0
2016,9,RS,58092
2016,9,SC,7801
2016,9,SE,209
2016,9,SP,70762
2016,9,TO,1413
2016,10,AL,1146
2016,10,AM,43
2016,10,BA,20540
2016,10,CE,4468
2016,10,DF,24280
2016,10,ES,5339
2016,10,GO,20031
2016,10,MA,17602
2016,10,MG,33970
2016,10,MS,456
2016,10,MT,10739
2016,10,PA,11219
2016,10,PB,2138
2016,10,PE,10181
2016,10,PI,60
2016,10,PR,11611
2016,10,RJ,10580
2016,10,RN,3052
2016,10,RO,0
2016,10,RR,0
2016,10,RS,63592
2016,10,SC,8036
2016,10,SE,828
2016,10,SP,71999
2016,10,TO,915
2016,11,AL,1525
2016,11,AM,0
2016,11,BA,20329
2016,11,CE,5054
2016,11,DF,14476
2016,11,ES,4085
2016,11,GO,14155
2016,11,MA,20308
2016,11,MG,32733
2016,11,MS,293
2016,11,MT,18229
2016,11,PA,14031
2016,11,PB,2504
2016,11,PE,11280
2016,11,PI,150
2016,11,PR,11282
2016,11,RJ,11219
2016,11,RN,3325
2016,11,RO,0
2016,11,RR,0
2016,11,RS,51314
2016,11,SC,9258
2016,11,SE,553
2016,11,SP,65079
2016,11,TO,2355
2016,12,AL,1748
2016,12,AM,515
2016,12,BA,21694
2016,12,CE,4944
2016,12,DF,15921
2016,12,ES,5185
2016,12,GO,14135
2016,12,MA,18908
2016,12,MG,30130
2016,12,MS,976
2016,12,MT,17459
2016,12,PA,13866
2016,12,PB,2623
2016,12,PE,10816
2016,12,PI,60
2016,12,PR,9761
2016,12,RJ,11676
2016,12,RN,3411
2016,12,RO,0
2016,12,RR,0
2016,12,RS,50743
2016,12,SC,8895
2016,12,SE,1005
2016,12,SP,58192
2016,12,TO,2719
2017,1,AL,1342.187
2017,1,BA,18341.761
2017,1,CE,4147.106
2017,1,DF,28685.197
2017,1,ES,4366.362
2017,1,GO,15787.734
2017,1,MA,19706.474
2017,1,MG,28959.352
2017,1,MS,0
2017,1,MT,524.639
2017,1,PA,9313.566
2017,1,PB,2177.118
2017,1,PE,8651.203
2017,1,PI,593.105
2017,1,PR,12632.801
2017,1,RJ,8451.533
2017,1,RN,3985.274
2017,1,RO,0
2017,1,RS,36364.569
2017,1,SC,8134.116
2017,1,SE,658.38
2017,1,SP,49326.087
2017,1,TO,178.399
2017,2,AL,1260.899
2017,2,BA,17073.249
2017,2,CE,3927.946
2017,2,DF,26835.571
2017,2,ES,3775.374
2017,2,GO,15385.572
2017,2,MA,16978.212
2017,2,MG,29118.901
2017,2,MS,0
2017,2,MT,511.916
2017,2,PA,10028.345
2017,2,PB,2011.487
2017,2,PE,8674.874
2017,2,PI,330.789
2017,2,PR,17377.666
2017,2,RJ,7081.869
2017,2,RN,2757.672
2017,2,RO,0
2017,2,RS,36896.591
2017,2,SC,7799.695
2017,2,SE,163.728
2017,2,SP,54766.947
2017,2,TO,133.189
2017,3,AL,1043.029
2017,3,BA,22846.893
2017,3,CE,4688.545
2017,3,DF,39779.961
2017,3,ES,4860.556
2017,3,GO,19064.458
2017,3,MA,18289.766
2017,3,MG,38908.061
2017,3,MS,172.595
2017,3,MT,814.054
2017,3,PA,15844.921
2017,3,PB,2902.776
2017,3,PE,9171.306
2017,3,PI,0
2017,3,PR,12802.632
2017,3,RJ,10080.394
2017,3,RN,3161.496
2017,3,RO,497.955
2017,3,RS,69731.237
2017,3,SC,10916.298
2017,3,SE,312.476
2017,3,SP,69763.424
2017,3,TO,293.004
2017,4,AL,856.098
2017,4,BA,22927.232
2017,4,CE,4439.004
2017,4,DF,32798.125
2017,4,ES,4839.63
2017,4,GO,13579.632
2017,4,MA,23731.878
2017,4,MG,37138.274
2017,4,MS,0
2017,4,MT,685.915
2017,4,PA,10112.38
2017,4,PB,2395.649
2017,4,PE,9296.07
2017,4,PI,102.343
2017,4,PR,9305.333
2017,4,RJ,12934.802
2017,4,RN,2590.391
2017,4,RO,0
2017,4,RS,64365.27
2017,4,SC,9522.065
2017,4,SE,560.107
2017,4,SP,68943.163
2017,4,TO,274.933
2017,5,AL,1402.299
2017,5,BA,25957.861
2017,5,CE,4333.11
2017,5,DF,35593.966
2017,5,ES,5663.058
2017,5,GO,21337.898
2017,5,MA,23926.96
2017,5,MG,41444.839
2017,5,MS,0
2017,5,MT,0
2017,5,PA,14333.164
2017,5,PB,2641.792
2017,5,PE,11208.183
2017,5,PI,0
2017,5,PR,14470.318
2017,5,RJ,10974.364
2017,5,RN,3918.184
2017,5,RO,0
2017,5,RS,60942.462
2017,5,SC,11514.312
2017,5,SE,1448.629
2017,5,SP,79906.754
2017,5,TO,0
2017,6,AL,1136.291
2017,6,BA,22821.317
2017,6,CE,4698.186
2017,6,DF,39805.412
2017,6,ES,5045.86
2017,6,GO,20761.315
2017,6,MA,22881.112
2017,6,MG,38636.812
2017,6,MS,0
2017,6,MT,0
2017,6,PA,16989.464
2017,6,PB,2637.298
2017,6,PE,10008.663
2017,6,PI,0
2017,6,PR,16987.737
2017,6,RJ,9797.426
2017,6,RN,3729.844
2017,6,RO,0
2017,6,RS,58996.652
2017,6,SC,9562.196
2017,6,SE,1032.409
2017,6,SP,76912.523
2017,6,TO,86.338
2017,7,AL,788.621
2017,7,BA,23532.825
2017,7,CE,4848.137
2017,7,DF,38084.256
2017,7,ES,5000.47
2017,7,GO,20862.816
2017,7,MA,27002.386
2017,7,MG,38698.905
2017,7,MS,0
2017,7,MT,0
2017,7,PA,18480.105
2017,7,PB,1986.698
2017,7,PE,8889.775
2017,7,PI,0
2017,7,PR,15529.119
2017,7,RJ,13244.555
2017,7,RN,2715.643
2017,7,RO,0
2017,7,RS,63260.47
2017,7,SC,11368.439
2017,7,SE,908.715
2017,7,SP,79027.731
2017,7,TO,989.382
2017,8,AL,1324.928
2017,8,BA,22327.321
2017,8,CE,5429.439
2017,8,DF,36730.652
2017,8,ES,6374.599
2017,8,GO,22674.931
2017,8,MA,28724.357
2017,8,MG,46838.466
2017,8,MS,0
2017,8,MT,0
2017,8,PA,20162.244
2017,8,PB,2766.701
2017,8,PE,9237.469
2017,8,PI,0
2017,8,PR,13895.256
2017,8,RJ,15616.496
2017,8,RN,3121.064
2017,8,RO,0
2017,8,RS,67715.803
2017,8,SC,10318.589
2017,8,SE,0
2017,8,SP,87166.102
2017,8,TO,1098.142
2017,9,AL,1075.764
2017,9,BA,21614.463
2017,9,CE,4425.566
2017,9,DF,36722.932
2017,9,ES,5790.548
2017,9,GO,20416.847
2017,9,MA,27322.955
2017,9,MG,47186.648
2017,9,MS,0
2017,9,MT,0
2017,9,PA,19616.48
2017,9,PB,2600.27
2017,9,PE,12118.119
2017,9,PI,47.635
2017,9,PR,15557.971
2017,9,RJ,14065.58
2017,9,RN,3980.14
2017,9,RO,0
2017,9,RS,73308.866
2017,9,SC,9833.082
2017,9,SE,0
2017,9,SP,85838.438
2017,9,TO,846.673
2017,10,AL,1307.818
2017,10,BA,22694.714
2017,10,CE,4898.881
2017,10,DF,34519.674
2017,10,ES,5217.671
2017,10,GO,23598.393
2017,10,MA,29552.549
2017,10,MG,49068.625
2017,10,MS,0
2017,10,MT,0
2017,10,PA,21156.385
2017,10,PB,2795.816
2017,10,PE,11929.056
2017,10,PI,0
2017,10,PR,17356.751
2017,10,RJ,14815.34
2017,10,RN,4188.433
2017,10,RO,0
2017,10,RS,71218.81
2017,10,SC,9515.043
2017,10,SE,0
2017,10,SP,78558.116
2017,10,TO,576.949
2017,11,AL,1606.355
2017,11,BA,19131.289
2017,11,CE,4895.634
2017,11,DF,35118.742
2017,11,ES,6598.315
2017,11,GO,18427.806
2017,11,MA,31040.823
2017,11,MG,44589.783
2017,11,MS,0
2017,11,MT,0
2017,11,PA,18873.855
2017,11,PB,3140.468
2017,11,PE,11168.245
2017,11,PI,0
2017,11,PR,13512.057
2017,11,RJ,14971.008
2017,11,RN,3858.676
2017,11,RO,0
2017,11,RS,65310.771
2017,11,SC,10206.964
2017,11,SE,0
2017,11,SP,75362.291
2017,11,TO,2236.373
2017,12,AL,1006.231
2017,12,BA,21802.069
2017,12,CE,5450.778
2017,12,DF,31155.841
2017,12,ES,6309.331
2017,12,GO,16504.669
2017,12,MA,30665.631
2017,12,MG,39868.705
2017,12,MS,0
2017,12,MT,0
2017,12,PA,17940.411
2017,12,PB,2580.199
2017,12,PE,12146.196
2017,12,PI,0
2017,12,PR,12703.386
2017,12,RJ,17778.061
2017,12,RN,4455.305
2017,12,RO,0
2017,12,RS,61471.074
2017,12,SC,9424.669
2017,12,SE,0
2017,12,SP,65770.732
2017,12,TO,0
2018,1,AL,1472.38
2018,1,AM,0
2018,1,BA,17353.919
2018,1,CE,5468.418
2018,1,DF,26450.118
2018,1,ES,6829.905
2018,1,GO,16603.544
2018,1,MA,15123.828
2018,1,MG,40541.78
2018,1,MT,0
2018,1,PA,30724.852
2018,1,PB,2820.178
2018,1,PE,11229.701
2018,1,PR,10229.877
2018,1,RJ,12191.9
2018,1,RN,3695.177
2018,1,RO,0
2018,1,RS,50854.204
2018,1,SC,9985.736
2018,1,SP,68602.779
2018,2,AL,1395.777
2018,2,AM,0
2018,2,BA,16674.906
2018,2,CE,4569.895
2018,2,DF,36821.513
2018,2,ES,5968.027
2018,2,GO,18713.727
2018,2,MA,13311.508
2018,2,MG,39072.18
2018,2,MT,0
2018,2,PA,30247.591
2018,2,PB,2437.642
2018,2,PE,11242.569
2018,2,PR,17735.931
2018,2,RJ,13705.417
2018,2,RN,2790.743
2018,2,RO,0
2018,2,RS,55152.06
2018,2,SC,9222.037
2018,2,SP,76619.355
2018,3,AL,1672.286
2018,3,AM,0
2018,3,BA,20891.998
2018,3,CE,7497.129
2018,3,DF,44819.868
2018,3,ES,7990.52
2018,3,GO,23501.061
2018,3,MA,19309.303
2018,3,MG,53104.421
2018,3,MT,0
2018,3,PA,33012.409
2018,3,PB,3443.877
2018,3,PE,12295.422
2018,3,PR,22229.823
2018,3,RJ,15971.619
2018,3,RN,3502.465
2018,3,RO,0
2018,3,RS,70768.494
2018,3,SC,13127.441
2018,3,SP,91098.339
2018,4,AL,1554.3
2018,4,AM,199.758
2018,4,BA,27984.413
2018,4,CE,5319
2018,4,DF,46268.123
2018,4,ES,7052.866
2018,4,GO,20271.058
2018,4,MA,17766.428
2018,4,MG,55822.762
2018,4,MT,0
2018,4,PA,37121.547
2018,4,PB,3072.029
2018,4,PE,10213.486
2018,4,PR,19364.189
2018,4,RJ,15052.014
2018,4,RN,4197.241
2018,4,RO,0
2018,4,RS,74019.784
2018,4,SC,14112.665
2018,4,SP,93870.982
2018,5,AL,822.248
2018,5,AM,0
2018,5,BA,20670.512
2018,5,CE,3869.999
2018,5,DF,43156.495
2018,5,ES,5074.566
2018,5,GO,16639.338
2018,5,MA,15488.078
2018,5,MG,37919.545
2018,5,MT,0
2018,5,PA,22542.729
2018,5,PB,2562.151
2018,5,PE,9381.108
2018,5,PR,10985.655
2018,5,RJ,9725.779
2018,5,RN,2441.772
2018,5,RO,0
2018,5,RS,66434.46
2018,5,SC,9733.94
2018,5,SP,70966.245
2018,6,AL,1582.879
2018,6,AM,0
2018,6,BA,27852.857
2018,6,CE,6766.063
2018,6,DF,52338.125
2018,6,ES,9639.624
2018,6,GO,23883.753
2018,6,MA,19440.814
2018,6,MG,56809.097
2018,6,MT,15.902
2018,6,PA,35864.266
2018,6,PB,3521.408
2018,6,PE,11793.83
2018,6,PR,15552.511
2018,6,RJ,16545.205
2018,6,RN,3047.85
2018,6,RO,1904.968
2018,6,RS,81113.081
2018,6,SC,14516.857
2018,6,SP,107825.917
2018,7,AL,1604.548
2018,7,AM,0
2018,7,BA,26952.918
2018,7,CE,6762.985
2018,7,DF,53537.443
2018,7,ES,9190.072
2018,7,GO,24158.523
2018,7,MA,18111.616
2018,7,MG,57280.776
2018,7,MT,0
2018,7,PA,37103.743
2018,7,PB,3148.422
2018,7,PE,12547.479
2018,7,PR,19055.193
2018,7,RJ,14956.596
2018,7,RN,3917.857
2018,7,RO,0
2018,7,RS,77990.946
2018,7,SC,15090.413
2018,7,SP,102079.322
2018,8,AL,272.404
2018,8,AM,0
2018,8,BA,21105.447
2018,8,CE,7230.257
2018,8,DF,54286.662
2018,8,ES,9067.084
2018,8,GO,23386.395
2018,8,MA,23854.905
2018,8,MG,47172.665
2018,8,MT,0
2018,8,PA,43484.831
2018,8,PB,2082.042
2018,8,PE,7708.896
2018,8,PR,18416.026
2018,8,RJ,17146.895
2018,8,RN,3227.578
2018,8,RO,0
2018,8,RS,86715
2018,8,SC,14651
2018,8,SP,104069.979
2018,9,AL,1554.49
2018,9,AM,0
2018,9,BA,27686.422
2018,9,CE,7383.203
2018,9,DF,47562.257
2018,9,ES,9150.695
2018,9,GO,23826.91
2018,9,MA,20511.626
2018,9,MG,52689.849
2018,9,MT,0
2018,9,PA,40377.125
2018,9,PB,3276.869
2018,9,PE,14529.575
2018,9,PR,22491.83
2018,9,RJ,16696.557
2018,9,RN,3974.208
2018,9,RO,110
2018,9,RS,69873.894
2018,9,SC,13308.825
2018,9,SP,97872.575
2018,10,AL,1986.578
2018,10,AM,0
2018,10,BA,27738.704
2018,10,CE,7851.057
2018,10,DF,52852.616
2018,10,ES,9107.769
2018,10,GO,26506.414
2018,10,MA,23660.365
2018,10,MG,59250.375
2018,10,MT,0
2018,10,PA,44358.37
2018,10,PB,3388.776
2018,10,PE,13602.617
2018,10,PR,21149.172
2018,10,RJ,19591.749
2018,10,RN,5336.426
2018,10,RO,0
2018,10,RS,75330.321
2018,10,SC,12513.186
2018,10,SP,101691.724
2018,11,AL,1886.818
2018,11,AM,0
2018,11,BA,25982.688
2018,11,CE,6246.436
2018,11,DF,47336.32
2018,11,ES,8410.709
2018,11,GO,25843.918
2018,11,MA,22741.795
2018,11,MG,54024.069
2018,11,MT,0
2018,11,PA,44068.329
2018,11,PB,3099.247
2018,11,PE,13932.064
2018,11,PR,26267.498
2018,11,RJ,14980.443
2018,11,RN,4696.676
2018,11,RO,0
2018,11,RS,72632.579
2018,11,SC,15756.232
2018,11,SP,101638.925
2018,1,MS,0
2018,2,MS,0
2018,3,MS,0
2018,4,MS,0
2018,5,MS,0
2018,6,MS,0
2018,7,MS,0
2018,8,MS,0
2018,9,MS,0
2018,10,MS,0
2018,11,MS,0
2018,1,PI,0
2018,2,PI,0
2018,3,PI,0
2018,4,PI,0
2018,5,PI,0
2018,6,PI,0
2018,7,PI,0
2018,8,PI,0
2018,9,PI,0
2018,10,PI,0
2018,11,PI,0
2018,1,SE,0
2018,2,SE,0
2018,3,SE,0
2018,4,SE,0
2018,5,SE,0
2018,6,SE,0
2018,7,SE,0
2018,8,SE,0
2018,9,SE,0
2018,10,SE,0
2018,11,SE,0
2018,1,TO,0
2018,2,TO,0
2018,3,TO,0
2018,4,TO,0
2018,5,TO,0
2018,6,TO,0
2018,7,TO,0
2018,8,TO,0
2018,9,TO,0
2018,10,TO,0
2018,11,TO,0
2018,1,RR,0
2018,2,RR,0
2018,3,RR,0
2018,4,RR,0
2018,5,RR,0
2018,6,RR,0
2018,7,RR,0
2018,8,RR,0
2018,9,RR,0
2018,10,RR,0
2018,11,RR,0
2017,1,RR,0
2017,2,RR,0
2017,3,RR,0
2017,4,RR,0
2017,5,RR,0
2017,6,RR,0
2017,7,RR,0
2017,8,RR,0
2017,9,RR,0
2017,10,RR,0
2017,11,RR,0
2017,12,RR,0
