Ano,Mes,Estado_Production,Biodiesel_Production (m3)
2012,1,BA,17896.635
2012,1,CE,4200.9
2012,1,GO,41712.935
2012,1,MA,0
2012,1,MG,7548.99
2012,1,MS,2370.445
2012,1,MT,24758.687
2012,1,PA,0
2012,1,PI,0
2012,1,PR,8263.727
2012,1,RJ,1488.827
2012,1,RN,0
2012,1,RO,730.424
2012,1,RS,60287.533
2012,1,SC,0
2012,1,SP,15666.212
2012,1,TO,8081.048
2012,2,BA,17817.044
2012,2,CE,3698.42
2012,2,GO,47193.337
2012,2,MA,0
2012,2,MG,6147.38
2012,2,MS,4941.85
2012,2,MT,33763.14
2012,2,PA,0
2012,2,PI,0
2012,2,PR,10102.701
2012,2,RJ,2069.897
2012,2,RN,0
2012,2,RO,711.881
2012,2,RS,60924.038
2012,2,SC,0
2012,2,SP,21476.615
2012,2,TO,5760.674
2012,3,BA,15010.499
2012,3,CE,3586.86
2012,3,GO,44913.538
2012,3,MA,0
2012,3,MG,6208.09
2012,3,MS,5271.355
2012,3,MT,36174.39
2012,3,PA,0
2012,3,PI,0
2012,3,PR,9550.31
2012,3,RJ,2812.204
2012,3,RN,0
2012,3,RO,888.6
2012,3,RS,66771.719
2012,3,SC,0
2012,3,SP,21400.889
2012,3,TO,8283.363
2012,4,BA,14227.391
2012,4,CE,3149.03
2012,4,GO,41180.033
2012,4,MA,0
2012,4,MG,5197.61
2012,4,MS,3183.363
2012,4,MT,32761.049
2012,4,PA,0
2012,4,PI,0
2012,4,PR,8297.158
2012,4,RJ,0
2012,4,RN,0
2012,4,RO,228.097
2012,4,RS,63000.651
2012,4,SC,0
2012,4,SP,2926.325
2012,4,TO,8221.537
2012,5,BA,19192.197
2012,5,CE,3622.09
2012,5,GO,49702.504
2012,5,MA,0
2012,5,MG,5014.48
2012,5,MS,4829.604
2012,5,MT,39992.993
2012,5,PA,0
2012,5,PI,0
2012,5,PR,6890.439
2012,5,RJ,0
2012,5,RN,0
2012,5,RO,514.275
2012,5,RS,70120.78
2012,5,SC,0
2012,5,SP,1899.467
2012,5,TO,11242.032
2012,6,BA,19132.952
2012,6,CE,5387.96
2012,6,GO,49756.243
2012,6,MA,0
2012,6,MG,7053.05
2012,6,MS,5726.289
2012,6,MT,38500.024
2012,6,PA,0
2012,6,PI,0
2012,6,PR,9515.51
2012,6,RJ,567.029
2012,6,RN,0
2012,6,RO,464.465
2012,6,RS,67087.859
2012,6,SC,0
2012,6,SP,3691.037
2012,6,TO,8015.397
2012,7,BA,22493.707
2012,7,CE,5084.3
2012,7,GO,44886.527
2012,7,MA,0
2012,7,MG,6832.73
2012,7,MS,4916.984
2012,7,MT,47561.912
2012,7,PA,0
2012,7,PI,0
2012,7,PR,11131.506
2012,7,RJ,1820.841
2012,7,RN,0
2012,7,RO,771.595
2012,7,RS,62823.509
2012,7,SC,0
2012,7,SP,14509.729
2012,7,TO,7506.945
2012,8,BA,22000.887
2012,8,CE,2808.32
2012,8,GO,60417.987
2012,8,MA,0
2012,8,MG,6472.86
2012,8,MS,8097.563
2012,8,MT,53287.708
2012,8,PA,0
2012,8,PI,0
2012,8,PR,11346.083
2012,8,RJ,1939.519
2012,8,RN,0
2012,8,RO,661.593
2012,8,RS,67304.192
2012,8,SC,0
2012,8,SP,12555.944
2012,8,TO,7533.396
2012,9,BA,19938.926
2012,9,CE,6239.41
2012,9,GO,49592.958
2012,9,MA,0
2012,9,MG,5817.66
2012,9,MS,11662.82
2012,9,MT,54001.022
2012,9,PA,0
2012,9,PI,0
2012,9,PR,11362.352
2012,9,RJ,1015.086
2012,9,RN,0
2012,9,RO,641.762
2012,9,RS,68797.882
2012,9,SC,0
2012,9,SP,17569.587
2012,9,TO,5603.078
2012,10,BA,19713.598
2012,10,CE,9131.05
2012,10,GO,55137.541
2012,10,MA,0
2012,10,MG,6736.11
2012,10,MS,9137.06
2012,10,MT,43682.394
2012,10,PA,0
2012,10,PI,0
2012,10,PR,10908.705
2012,10,RJ,1494.71
2012,10,RN,0
2012,10,RO,987.615
2012,10,RS,79092.605
2012,10,SC,0
2012,10,SP,15394.791
2012,10,TO,0
2012,11,BA,20697.618
2012,11,CE,7509.79
2012,11,GO,57785.583
2012,11,MA,0
2012,11,MG,8867.13
2012,11,MS,11907.207
2012,11,MT,33929.567
2012,11,PA,0
2012,11,PI,0
2012,11,PR,11733.28
2012,11,RJ,1950.368
2012,11,RN,0
2012,11,RO,903.314
2012,11,RS,73517.022
2012,11,SC,0
2012,11,SP,16519.713
2012,11,TO,0
2012,12,BA,23082.818
2012,12,CE,7950.73
2012,12,GO,58866.953
2012,12,MA,0
2012,12,MG,8204
2012,12,MS,12009.421
2012,12,MT,39300.26
2012,12,PA,0
2012,12,PI,0
2012,12,PR,11009.082
2012,12,RJ,1887.405
2012,12,RN,0
2012,12,RO,902.541
2012,12,RS,66772.22
2012,12,SC,0
2012,12,SP,14976.331
2012,12,TO,0
2013,1,BA,20816.912
2013,1,CE,8395.84
2013,1,GO,46135.9
2013,1,MA,0
2013,1,MG,7994.74
2013,1,MS,14133.638
2013,1,MT,29256.186
2013,1,PA,0
2013,1,PI,0
2013,1,PR,11628.798
2013,1,RJ,1321.773
2013,1,RN,0
2013,1,RO,1013.165
2013,1,RS,66584.084
2013,1,SC,0
2013,1,SP,17123.898
2013,1,TO,2100.339
2013,2,BA,19007.668
2013,2,CE,6941.51
2013,2,GO,46596.139
2013,2,MA,0
2013,2,MG,6946.48
2013,2,MS,15436.023
2013,2,MT,24184.701
2013,2,PA,0
2013,2,PI,0
2013,2,PR,11081.94
2013,2,RJ,1251.887
2013,2,RN,0
2013,2,RO,903.569
2013,2,RS,55951.776
2013,2,SC,0
2013,2,SP,16054.235
2013,2,TO,1382.207
2013,3,BA,20218.954
2013,3,CE,7731.08
2013,3,GO,47826.892
2013,3,MA,0
2013,3,MG,8316.9
2013,3,MS,11236.638
2013,3,MT,41225.133
2013,3,PA,0
2013,3,PI,0
2013,3,PR,11753.064
2013,3,RJ,155.811
2013,3,RN,0
2013,3,RO,1050.009
2013,3,RS,58414.42
2013,3,SC,0
2013,3,SP,17453.36
2013,3,TO,5370.101
2013,4,BA,20018.975
2013,4,CE,8066.26
2013,4,GO,50417.496
2013,4,MA,0
2013,4,MG,7948.54
2013,4,MS,14726.709
2013,4,MT,46390.735
2013,4,PA,0
2013,4,PI,0
2013,4,PR,9130.611
2013,4,RJ,294.269
2013,4,RN,0
2013,4,RO,1173.303
2013,4,RS,67625.225
2013,4,SC,0
2013,4,SP,19489.187
2013,4,TO,8309.711
2013,5,BA,15700.278
2013,5,CE,6917.91
2013,5,GO,47637.635
2013,5,MA,0
2013,5,MG,5875.81
2013,5,MS,18789.058
2013,5,MT,33354.322
2013,5,PA,0
2013,5,PI,0
2013,5,PR,11951.626
2013,5,RJ,362.831
2013,5,RN,0
2013,5,RO,907.617
2013,5,RS,86458.181
2013,5,SC,2917.432
2013,5,SP,11187.421
2013,5,TO,3873.806
2013,6,BA,15793.151
2013,6,CE,6460.47
2013,6,GO,48056.35
2013,6,MA,0
2013,6,MG,8382.93
2013,6,MS,17730.519
2013,6,MT,36129.24
2013,6,PA,0
2013,6,PI,0
2013,6,PR,13599.893
2013,6,RJ,393.738
2013,6,RN,0
2013,6,RO,1117.058
2013,6,RS,78270.811
2013,6,SC,2211.092
2013,6,SP,5018.097
2013,6,TO,3277.636
2013,7,BA,16279.577
2013,7,CE,7133.74
2013,7,GO,50355.199
2013,7,MA,0
2013,7,MG,7131.88
2013,7,MS,13683.131
2013,7,MT,37949.407
2013,7,PA,0
2013,7,PI,0
2013,7,PR,21169.608
2013,7,RJ,822.133
2013,7,RN,0
2013,7,RO,1060.493
2013,7,RS,88813.913
2013,7,SC,4162.328
2013,7,SP,10406.896
2013,7,TO,1702.337
2013,8,BA,15498.744
2013,8,CE,6677.417
2013,8,GO,46842.942
2013,8,MA,0
2013,8,MG,7715.403
2013,8,MS,11489.081
2013,8,MT,39565.911
2013,8,PA,0
2013,8,PI,0
2013,8,PR,23813.724
2013,8,RJ,746.573
2013,8,RN,0
2013,8,RO,1232.957
2013,8,RS,78819.097
2013,8,SC,3383.34
2013,8,SP,9769.62
2013,8,TO,2055.662
2013,9,BA,16094.294
2013,9,CE,6251
2013,9,GO,47369.469
2013,9,MA,0
2013,9,MG,7511
2013,9,MS,20329.742
2013,9,MT,26596.536
2013,9,PA,0
2013,9,PI,0
2013,9,PR,23702.33
2013,9,RJ,855.316
2013,9,RN,0
2013,9,RO,940.814
2013,9,RS,81748.069
2013,9,SC,5594.646
2013,9,SP,11544.377
2013,9,TO,4176.069
2013,10,BA,14966.631
2013,10,CE,7564.159
2013,10,GO,56374.947
2013,10,MA,0
2013,10,MG,8949.487
2013,10,MS,20536.538
2013,10,MT,37457.32
2013,10,PA,0
2013,10,PI,0
2013,10,PR,21809.297
2013,10,RJ,1087.377
2013,10,RN,0
2013,10,RO,1195.632
2013,10,RS,84527.03
2013,10,SC,5282.371
2013,10,SP,13452.924
2013,10,TO,4788.292
2013,11,BA,11295.713
2013,11,CE,6371.6
2013,11,GO,48190.63
2013,11,MA,0
2013,11,MG,6085.32
2013,11,MS,16543.553
2013,11,MT,36689.797
2013,11,PA,0
2013,11,PI,0
2013,11,PR,25190.451
2013,11,RJ,729.557
2013,11,RN,0
2013,11,RO,1567.722
2013,11,RS,81184.192
2013,11,SC,7275.281
2013,11,SP,17015.064
2013,11,TO,7036.634
2013,12,BA,8496.97
2013,12,CE,5680.276
2013,12,GO,39911.045
2013,12,MA,0
2013,12,MG,5161.261
2013,12,MS,14262.277
2013,12,MT,29680.825
2013,12,PA,0
2013,12,PI,0
2013,12,PR,25884.874
2013,12,RJ,870
2013,12,RN,0
2013,12,RO,1390.432
2013,12,RS,54934.639
2013,12,SC,7531.218
2013,12,SP,15946.636
2013,12,TO,4613.819
2014,1,BA,6166
2014,1,CE,4309.5
2014,1,GO,41711.908
2014,1,MA,0
2014,1,MG,4979.953
2014,1,MS,17860.187
2014,1,MT,47000.562
2014,1,PA,0
2014,1,PI,0
2014,1,PR,26690.874
2014,1,RJ,1207.45
2014,1,RN,0
2014,1,RO,991.37
2014,1,RS,67150.084
2014,1,SC,7966.584
2014,1,SP,14108.473
2014,1,TO,5072.499
2014,2,BA,6166
2014,2,CE,4309.5
2014,2,GO,41337.014
2014,2,MA,0
2014,2,MG,4979.953
2014,2,MS,14524.823
2014,2,MT,49794.272
2014,2,PA,0
2014,2,PI,0
2014,2,PR,22923.524
2014,2,RJ,1014.76
2014,2,RN,0
2014,2,RO,871.305
2014,2,RS,70795.108
2014,2,SC,6256.164
2014,2,SP,12916.425
2014,2,TO,4639.7
2014,3,BA,12607.455
2014,3,CE,6063.9
2014,3,GO,49482.828
2014,3,MA,0
2014,3,MG,7823.935
2014,3,MS,17108.085
2014,3,MT,52735.69
2014,3,PA,0
2014,3,PI,0
2014,3,PR,26240.05
2014,3,RJ,982.986
2014,3,RN,0
2014,3,RO,738.094
2014,3,RS,77236.103
2014,3,SC,1604.605
2014,3,SP,14633.378
2014,3,TO,4581.769
2014,4,BA,9694.121
2014,4,CE,5748.1
2014,4,GO,52124.903
2014,4,MA,0
2014,4,MG,7217.754
2014,4,MS,19527.959
2014,4,MT,42708.676
2014,4,PA,0
2014,4,PI,0
2014,4,PR,26130.827
2014,4,RJ,1062.073
2014,4,RN,0
2014,4,RO,624.952
2014,4,RS,62425.818
2014,4,SC,2131.766
2014,4,SP,15856.512
2014,4,TO,7971.01
2014,5,BA,10119.792
2014,5,CE,5450.2
2014,5,GO,53322.303
2014,5,MA,0
2014,5,MG,4854.014
2014,5,MS,20610.461
2014,5,MT,48975.134
2014,5,PA,0
2014,5,PI,0
2014,5,PR,25049.869
2014,5,RJ,1051.108
2014,5,RN,0
2014,5,RO,908.068
2014,5,RS,54093.255
2014,5,SC,9825.547
2014,5,SP,5096.791
2014,5,TO,3169.063
2014,6,BA,9861.57
2014,6,CE,5920
2014,6,GO,52105.705
2014,6,MA,0
2014,6,MG,4651.633
2014,6,MS,19094.834
2014,6,MT,53052.787
2014,6,PA,0
2014,6,PI,0
2014,6,PR,26291.731
2014,6,RJ,968.524
2014,6,RN,0
2014,6,RO,1227.755
2014,6,RS,63145.679
2014,6,SC,7716.148
2014,6,SP,5509.538
2014,6,TO,1971.385
2014,7,BA,8984.724
2014,7,CE,6238.7
2014,7,GO,56510.859
2014,7,MA,0
2014,7,MG,6924.445
2014,7,MS,18188.482
2014,7,MT,65164.677
2014,7,PA,0
2014,7,PI,0
2014,7,PR,26672.458
2014,7,RJ,1773.382
2014,7,RN,0
2014,7,RO,740.187
2014,7,RS,96313.506
2014,7,SC,0
2014,7,SP,8842.424
2014,7,TO,6617.441
2014,8,BA,19576.157
2014,8,CE,7400
2014,8,GO,59580.583
2014,8,MA,0
2014,8,MG,8206.132
2014,8,MS,11254.203
2014,8,MT,62666.016
2014,8,PA,0
2014,8,PI,0
2014,8,PR,27811.248
2014,8,RJ,1337.11
2014,8,RN,0
2014,8,RO,627.34
2014,8,RS,92244.546
2014,8,SC,1083.919
2014,8,SP,16975.551
2014,8,TO,5769.274
2014,9,BA,14994.878
2014,9,CE,4741
2014,9,GO,55031.138
2014,9,MA,0
2014,9,MG,7243.92
2014,9,MS,19166.078
2014,9,MT,54321.155
2014,9,PA,0
2014,9,PI,0
2014,9,PR,27428.139
2014,9,RJ,2415.659
2014,9,RN,0
2014,9,RO,839.69
2014,9,RS,94273.69
2014,9,SC,9305.359
2014,9,SP,18131.504
2014,9,TO,4772.606
2014,10,BA,17712.993
2014,10,CE,8883.7
2014,10,GO,58902.817
2014,10,MA,0
2014,10,MG,9057.29
2014,10,MS,21230.267
2014,10,MT,43579.47
2014,10,PA,0
2014,10,PI,0
2014,10,PR,28254.647
2014,10,RJ,2279.073
2014,10,RN,0
2014,10,RO,740.623
2014,10,RS,93363.577
2014,10,SC,9198.696
2014,10,SP,20528.578
2014,10,TO,7870.945
2014,11,BA,21369.053
2014,11,CE,6190
2014,11,GO,59242.196
2014,11,MA,0
2014,11,MG,8491.21
2014,11,MS,18928.932
2014,11,MT,40520.85
2014,11,PA,0
2014,11,PI,0
2014,11,PR,27867.558
2014,11,RJ,814.95
2014,11,RN,0
2014,11,RO,1116.265
2014,11,RS,97169.954
2014,11,SC,5645.709
2014,11,SP,18668.522
2014,11,TO,10601.367
2014,12,BA,22939.167
2014,12,CE,7729
2014,12,GO,64485.033
2014,12,MA,0
2014,12,MG,8853.182
2014,12,MS,19802.4
2014,12,MT,50588.415
2014,12,PA,0
2014,12,PI,0
2014,12,PR,27860.967
2014,12,RJ,2355.362
2014,12,RN,0
2014,12,RO,1551.367
2014,12,RS,105435.623
2014,12,SC,7717.08
2014,12,SP,19077.654
2014,12,TO,10566.99
2015,1,BA,15964.438
2015,1,CE,7094.7
2015,1,GO,63811.67
2015,1,MA,0
2015,1,MG,6622.849
2015,1,MS,17083.104
2015,1,MT,53035.377
2015,1,PA,0
2015,1,PI,0
2015,1,PR,24834.113
2015,1,RJ,1715.96
2015,1,RN,0
2015,1,RO,1280.612
2015,1,RS,93896.86
2015,1,SC,8665.143
2015,1,SP,18808.047
2015,1,TO,6733.622
2015,2,BA,21674.726
2015,2,CE,6997.883
2015,2,GO,57594.141
2015,2,MA,0
2015,2,MG,6281.539
2015,2,MS,15583.111
2015,2,MT,62411.37
2015,2,PA,0
2015,2,PI,0
2015,2,PR,24963.019
2015,2,RJ,1519.23
2015,2,RN,0
2015,2,RO,970.375
2015,2,RS,75356.171
2015,2,SC,3756.053
2015,2,SP,18963.008
2015,2,TO,7523.76
2015,3,BA,16841.339
2015,3,CE,6360
2015,3,GO,60803.377
2015,3,MA,0
2015,3,MG,5821.23
2015,3,MS,19943.373
2015,3,MT,68867.797
2015,3,PA,0
2015,3,PI,0
2015,3,PR,30318.533
2015,3,RJ,1658.559
2015,3,RN,0
2015,3,RO,673.104
2015,3,RS,80009.774
2015,3,SC,6210.166
2015,3,SP,21215.983
2015,3,TO,3968.79
2015,4,BA,21448.582
2015,4,CE,6041.512
2015,4,GO,53570.536
2015,4,MA,0
2015,4,MG,9653.409
2015,4,MS,18535.423
2015,4,MT,62102.847
2015,4,PA,0
2015,4,PI,0
2015,4,PR,31463.812
2015,4,RJ,1602.57
2015,4,RN,0
2015,4,RO,554.457
2015,4,RS,93020.215
2015,4,SC,6894.661
2015,4,SP,19638.206
2015,4,TO,0
2015,5,BA,11998.713
2015,5,CE,5621.78
2015,5,GO,58174.75
2015,5,MA,0
2015,5,MG,8795.786
2015,5,MS,19311.226
2015,5,MT,70267.527
2015,5,PA,0
2015,5,PI,0
2015,5,PR,31297.935
2015,5,RJ,1876.874
2015,5,RN,0
2015,5,RO,298.765
2015,5,RS,100132.539
2015,5,SC,5038.079
2015,5,SP,19384.742
2015,5,TO,6651.838
2015,6,BA,5375.584
2015,6,CE,8004.39
2015,6,GO,56466.206
2015,6,MA,0
2015,6,MG,8048.72
2015,6,MS,16918.601
2015,6,MT,72835.22
2015,6,PA,0
2015,6,PI,0
2015,6,PR,31443.426
2015,6,RJ,2130.99
2015,6,RN,0
2015,6,RO,241.816
2015,6,RS,98050.717
2015,6,SC,3467.533
2015,6,SP,17962.616
2015,6,TO,1239.451
2015,7,BA,21321.063
2015,7,CE,6015.504
2015,7,GO,64664.896
2015,7,MA,0
2015,7,MG,5760.155
2015,7,MS,17219.948
2015,7,MT,79062.359
2015,7,PA,0
2015,7,PI,0
2015,7,PR,31636.296
2015,7,RJ,2648.2
2015,7,RN,519.94
2015,7,RO,13.029
2015,7,RS,105868.084
2015,7,SC,0
2015,7,SP,4848.956
2015,7,TO,1515.414
2015,8,BA,22480.334
2015,8,CE,8603.922
2015,8,GO,64592.689
2015,8,MA,0
2015,8,MG,8000
2015,8,MS,20486.613
2015,8,MT,75280.51
2015,8,PA,0
2015,8,PI,0
2015,8,PR,32419.988
2015,8,RJ,1889.674
2015,8,RN,937.825
2015,8,RO,33.645
2015,8,RS,98474.185
2015,8,SC,0
2015,8,SP,7728.325
2015,8,TO,3110.086
2015,9,BA,22347.409
2015,9,CE,7200
2015,9,GO,54018.676
2015,9,MA,0
2015,9,MG,3992.039
2015,9,MS,9092.807
2015,9,MT,76091.095
2015,9,PA,0
2015,9,PI,0
2015,9,PR,31248.464
2015,9,RJ,0
2015,9,RN,291.7
2015,9,RO,40.675
2015,9,RS,103299.028
2015,9,SC,0
2015,9,SP,12972.913
2015,9,TO,9793.477
2015,10,BA,25132.864
2015,10,CE,7582.36
2015,10,GO,53487.416
2015,10,MA,0
2015,10,MG,7955.406
2015,10,MS,16240.092
2015,10,MT,87006.068
2015,10,PA,0
2015,10,PI,0
2015,10,PR,30263.285
2015,10,RJ,227.516
2015,10,RN,49.321
2015,10,RO,33.516
2015,10,RS,105047.957
2015,10,SC,0
2015,10,SP,15980.13
2015,10,TO,10159.786
2015,11,BA,18165.514
2015,11,CE,8955.78
2015,11,GO,51454.135
2015,11,MA,0
2015,11,MG,10709.45
2015,11,MS,16425.895
2015,11,MT,74247.97
2015,11,PA,0
2015,11,PI,0
2015,11,PR,31508.081
2015,11,RJ,1751.404
2015,11,RN,0
2015,11,RO,0
2015,11,RS,88708.213
2015,11,SC,0
2015,11,SP,16555.459
2015,11,TO,6180.245
2015,12,BA,22733.479
2015,12,CE,8955.875
2015,12,GO,56613.5
2015,12,MA,0
2015,12,MG,10617.804
2015,12,MS,20643.441
2015,12,MT,64463.294
2015,12,PA,0
2015,12,PI,0
2015,12,PR,32291.76
2015,12,RJ,1683.275
2015,12,RN,0
2015,12,RO,0
2015,12,RS,72443.518
2015,12,SC,456.884
2015,12,SP,10414.67
2015,12,TO,5208.288
2016,1,BA,21227
2016,1,CE,6979
2016,1,GO,47103
2016,1,MG,9503
2016,1,MS,16597
2016,1,MT,51784
2016,1,PR,31295
2016,1,RJ,1534
2016,1,RS,62619
2016,1,SC,8618
2016,1,SP,9788
2016,1,TO,4975
2016,2,BA,22774
2016,2,CE,7137
2016,2,GO,44707
2016,2,MG,10214
2016,2,MS,16116
2016,2,MT,67800
2016,2,PR,31726
2016,2,RJ,1505
2016,2,RS,69727
2016,2,SC,9016
2016,2,SP,11425
2016,2,TO,5259
2016,3,BA,15053
2016,3,CE,4436
2016,3,GO,62142
2016,3,MG,6381
2016,3,MS,19835
2016,3,MT,72171
2016,3,PR,30498
2016,3,RJ,2038
2016,3,RS,92715
2016,3,SC,967
2016,3,SP,13491
2016,3,TO,12851
2016,4,BA,15522
2016,4,CE,5433
2016,4,GO,60004
2016,4,MG,7749
2016,4,MS,18023
2016,4,MT,60281
2016,4,PR,27751
2016,4,RJ,1795
2016,4,RS,96460
2016,4,SC,3385
2016,4,SP,12078
2016,4,TO,13585
2016,5,BA,17821
2016,5,CE,7235
2016,5,GO,47575
2016,5,MG,8335
2016,5,MS,18422
2016,5,MT,74701
2016,5,PR,26656
2016,5,RJ,1756
2016,5,RS,93875
2016,5,SC,2396
2016,5,SP,11769
2016,5,TO,0
2016,6,BA,20500
2016,6,CE,7917
2016,6,GO,51698
2016,6,MG,9628
2016,6,MS,18927
2016,6,MT,73383
2016,6,PR,29047
2016,6,RJ,1881
2016,6,RS,95513
2016,6,SC,2910
2016,6,SP,12692
2016,6,TO,0
2016,7,BA,16531
2016,7,CE,3924
2016,7,GO,47985
2016,7,MG,2865
2016,7,MS,14999
2016,7,MT,77462
2016,7,PR,32683
2016,7,RJ,1671
2016,7,RS,91699
2016,7,SC,10169
2016,7,SP,12136
2016,7,TO,0
2016,8,BA,17698
2016,8,CE,5168
2016,8,GO,54841
2016,8,MG,1994
2016,8,MS,14824
2016,8,MT,83233
2016,8,PR,33104
2016,8,RJ,1733
2016,8,RS,96028
2016,8,SC,9665
2016,8,SP,12939
2016,8,TO,0
2016,9,BA,23561
2016,9,CE,6856
2016,9,GO,62974
2016,9,MG,10069
2016,9,MS,10825
2016,9,MT,62140
2016,9,PR,35327
2016,9,RJ,2013
2016,9,RS,106316
2016,9,SC,10049
2016,9,SP,2542
2016,9,TO,463
2016,10,BA,24009
2016,10,CE,6785
2016,10,GO,63605
2016,10,MG,9204
2016,10,MS,10476
2016,10,MT,67176
2016,10,PR,29040
2016,10,RJ,1456
2016,10,RS,106095
2016,10,SC,10311
2016,10,SP,4197
2016,10,TO,471
2016,11,BA,23171
2016,11,CE,0
2016,11,GO,58792
2016,11,MG,9762
2016,11,MS,9999
2016,11,MT,59677
2016,11,PR,41316
2016,11,RJ,2067
2016,11,RS,81514
2016,11,SC,10060
2016,11,SP,17179
2016,11,TO,0
2016,12,BA,23921
2016,12,CE,0
2016,12,GO,56709
2016,12,MG,9794
2016,12,MS,9529
2016,12,MT,60466
2016,12,PR,38492
2016,12,RJ,1945
2016,12,RS,78455
2016,12,SC,9542
2016,12,SP,16529
2016,12,TO,0
2017,1,BA,20834.848
2017,1,GO,41530.988
2017,1,MG,7980.795
2017,1,MS,13973.284
2017,1,MT,57577.388
2017,1,PR,39195.043
2017,1,RJ,1962.208
2017,1,RO,0
2017,1,RS,55346.167
2017,1,SC,9816.892
2017,1,SP,14109.35
2017,1,TO,0
2017,2,BA,17887.313
2017,2,GO,41821.149
2017,2,MG,7621.039
2017,2,MS,14981.522
2017,2,MT,61370.827
2017,2,PR,40231.434
2017,2,RJ,1693.085
2017,2,RO,0
2017,2,RS,54190.99
2017,2,SC,9325.471
2017,2,SP,13767.662
2017,2,TO,0
2017,3,BA,22022.344
2017,3,GO,57068.279
2017,3,MG,9148.034
2017,3,MS,18368.55
2017,3,MT,84607.124
2017,3,PR,42092.762
2017,3,RJ,1910.296
2017,3,RO,338.709
2017,3,RS,103026.297
2017,3,SC,9027.167
2017,3,SP,8336.275
2017,3,TO,0
2017,4,BA,21340.755
2017,4,GO,57117.837
2017,4,MG,10277.18
2017,4,MS,17071.156
2017,4,MT,75661.253
2017,4,PR,40764.414
2017,4,RJ,1694.183
2017,4,RO,0
2017,4,RS,94487.145
2017,4,SC,6876.037
2017,4,SP,6108.334
2017,4,TO,0
2017,5,BA,21487.045
2017,5,GO,67104.321
2017,5,MG,9624.532
2017,5,MS,25178.944
2017,5,MT,75787.642
2017,5,PR,41874.029
2017,5,RJ,1459.84
2017,5,RO,0
2017,5,RS,103012.895
2017,5,SC,11593.083
2017,5,SP,13714.926
2017,5,TO,180.896
2017,6,BA,21000.138
2017,6,GO,66527.031
2017,6,MG,11074.595
2017,6,MS,24552.808
2017,6,MT,75325.454
2017,6,PR,41371.85
2017,6,RJ,456.108
2017,6,RO,0
2017,6,RS,96592.876
2017,6,SC,10610.059
2017,6,SP,14645.586
2017,6,TO,370.35
2017,7,BA,25189.698
2017,7,GO,66207.328
2017,7,MG,9128.463
2017,7,MS,27077.28
2017,7,MT,77076.203
2017,7,PR,42585.804
2017,7,RJ,8885.394
2017,7,RO,386.441
2017,7,RS,95900.42
2017,7,SC,10983.483
2017,7,SP,11798.534
2017,7,TO,0
2017,8,BA,28968.104
2017,8,GO,71622.109
2017,8,MG,11711.434
2017,8,MS,28409.482
2017,8,MT,81021.657
2017,8,PR,43179.863
2017,8,RJ,8129.168
2017,8,RO,44.757
2017,8,RS,103116.412
2017,8,SC,12231.627
2017,8,SP,13087.946
2017,8,TO,0
2017,9,BA,27808.293
2017,9,GO,62562.955
2017,9,MG,10178.395
2017,9,MS,23910.784
2017,9,MT,82484.951
2017,9,PR,43796.319
2017,9,RJ,7164.174
2017,9,RO,798.297
2017,9,RS,112957.022
2017,9,SC,10743.275
2017,9,SP,19964.512
2017,9,TO,0
2017,10,BA,29744.542
2017,10,GO,62261.599
2017,10,MG,10941.387
2017,10,MS,22810.814
2017,10,MT,83153.869
2017,10,PR,44003.849
2017,10,RJ,8080.48
2017,10,RO,829.198
2017,10,RS,111150.971
2017,10,SC,10929.946
2017,10,SP,19062.369
2017,10,TO,0
2017,11,BA,29256.41
2017,11,GO,61462.694
2017,11,MG,10692.964
2017,11,MS,24534.663
2017,11,MT,76564.516
2017,11,PR,44147.213
2017,11,RJ,8553.029
2017,11,RO,988.246
2017,11,RS,103564.169
2017,11,SC,10295.946
2017,11,SP,9989.605
2017,11,TO,0
2017,12,BA,26171.292
2017,12,GO,57981.848
2017,12,MG,8910.451
2017,12,MS,22167.114
2017,12,MT,73697.871
2017,12,PR,41169.279
2017,12,RJ,10491.116
2017,12,RO,962.778
2017,12,RS,97082.318
2017,12,SC,8771.529
2017,12,SP,9627.692
2017,12,TO,0
2018,1,BA,28595.409
2018,1,GO,40567.703
2018,1,MG,10836.396
2018,1,MS,26266.058
2018,1,MT,71620.246
2018,1,PR,43610.175
2018,1,RJ,827.184
2018,1,RO,387.77
2018,1,RS,85157.523
2018,1,SC,7520.459
2018,1,SP,14789.373
2018,1,TO,0
2018,2,BA,27756.105
2018,2,GO,40321.115
2018,2,MG,10630.135
2018,2,MS,28764.224
2018,2,MT,75410.694
2018,2,PR,49928.895
2018,2,RJ,761.472
2018,2,RO,469.626
2018,2,RS,85763.613
2018,2,SC,8043.003
2018,2,SP,27831.996
2018,2,TO,0
2018,3,BA,28252.781
2018,3,GO,66558.199
2018,3,MG,10369.605
2018,3,MS,29119.082
2018,3,MT,96811.461
2018,3,PR,48823.499
2018,3,RJ,9096.551
2018,3,RO,404.842
2018,3,RS,114277.904
2018,3,SC,10881.925
2018,3,SP,23075.277
2018,3,TO,6565.349
2018,4,BA,30832.547
2018,4,GO,66201.996
2018,4,MG,10914.17
2018,4,MS,27638.585
2018,4,MT,95174.526
2018,4,PR,46793.427
2018,4,RJ,10516.158
2018,4,RO,642.162
2018,4,RS,123263.074
2018,4,SC,11857.619
2018,4,SP,21709.602
2018,4,TO,7718.779
2018,5,BA,23887.336
2018,5,GO,46878.974
2018,5,MG,8299.148
2018,5,MS,23544.102
2018,5,MT,67661.077
2018,5,PR,43351.57
2018,5,RJ,6086.29
2018,5,RO,817.694
2018,5,RS,102049.183
2018,5,SC,6826.086
2018,5,SP,14598.681
2018,5,TO,4414.479
2018,6,BA,34343.528
2018,6,GO,70029.017
2018,6,MG,10573.087
2018,6,MS,29436.22
2018,6,MT,99747.977
2018,6,PR,53566.71
2018,6,RJ,10415.511
2018,6,RO,1645.487
2018,6,RS,140701.654
2018,6,SC,8603.018
2018,6,SP,21526.914
2018,6,TO,9425.884
2018,7,BA,27457.345
2018,7,GO,67749.273
2018,7,MG,9421.847
2018,7,MS,24250.43
2018,7,MT,0
2018,7,PR,53480.152
2018,7,RJ,9622.774
2018,7,RO,1608.554
2018,7,RS,144354.364
2018,7,SC,10525.739
2018,7,SP,20787.827
2018,7,TO,11436.075
2018,8,BA,11381.045
2018,8,GO,77012.394
2018,8,MG,0
2018,8,MS,22307.889
2018,8,MT,0
2018,8,PR,54552
2018,8,RJ,11691.9
2018,8,RO,1755
2018,8,RS,156680
2018,8,SC,11216
2018,8,SP,21317
2018,8,TO,12232
2018,9,BA,32898.334
2018,9,GO,71146.72
2018,9,MG,10556
2018,9,MS,26095
2018,9,MT,0
2018,9,PR,47204
2018,9,RJ,10364
2018,9,RO,1584
2018,9,RS,128515.131
2018,9,SC,12571.376
2018,9,SP,23738
2018,9,TO,1914
2018,10,BA,30226.934
2018,10,GO,74180.773
2018,10,MG,12009.686
2018,10,MS,29133
2018,10,MT,0
2018,10,PR,54873
2018,10,RJ,9404.612
2018,10,RO,1802.074
2018,10,RS,140819.861
2018,10,SC,11124.279
2018,10,SP,20749
2018,10,TO,11231
2018,11,BA,41860.004
2018,11,GO,72757.361
2018,11,MG,9755.278
2018,11,MS,29854.377
2018,11,MT,0
2018,11,PR,54916.237
2018,11,RJ,7945.861
2018,11,RO,1600.963
2018,11,RS,133741.629
2018,11,SC,12611.64
2018,11,SP,19934.176
2018,11,TO,5268.253
2017,1,CE,0
2017,2,CE,0
2017,3,CE,0
2017,4,CE,0
2017,5,CE,0
2017,6,CE,0
2017,7,CE,0
2017,8,CE,0
2017,9,CE,0
2017,10,CE,0
2017,11,CE,0
2017,12,CE,0
2018,1,CE,0
2018,2,CE,0
2018,3,CE,0
2018,4,CE,0
2018,5,CE,0
2018,6,CE,0
2018,7,CE,0
2018,8,CE,0
2018,9,CE,0
2018,10,CE,0
2018,11,CE,0
2016,1,MA,0
2016,2,MA,0
2016,3,MA,0
2016,4,MA,0
2016,5,MA,0
2016,6,MA,0
2016,7,MA,0
2016,8,MA,0
2016,9,MA,0
2016,10,MA,0
2016,11,MA,0
2016,12,MA,0
2017,1,MA,0
2017,2,MA,0
2017,3,MA,0
2017,4,MA,0
2017,5,MA,0
2017,6,MA,0
2017,7,MA,0
2017,8,MA,0
2017,9,MA,0
2017,10,MA,0
2017,11,MA,0
2017,12,MA,0
2018,1,MA,0
2018,2,MA,0
2018,3,MA,0
2018,4,MA,0
2018,5,MA,0
2018,6,MA,0
2018,7,MA,0
2018,8,MA,0
2018,9,MA,0
2018,10,MA,0
2018,11,MA,0
2016,1,PA,0
2016,2,PA,0
2016,3,PA,0
2016,4,PA,0
2016,5,PA,0
2016,6,PA,0
2016,7,PA,0
2016,8,PA,0
2016,9,PA,0
2016,10,PA,0
2016,11,PA,0
2016,12,PA,0
2017,1,PA,0
2017,2,PA,0
2017,3,PA,0
2017,4,PA,0
2017,5,PA,0
2017,6,PA,0
2017,7,PA,0
2017,8,PA,0
2017,9,PA,0
2017,10,PA,0
2017,11,PA,0
2017,12,PA,0
2018,1,PA,0
2018,2,PA,0
2018,3,PA,0
2018,4,PA,0
2018,5,PA,0
2018,6,PA,0
2018,7,PA,0
2018,8,PA,0
2018,9,PA,0
2018,10,PA,0
2018,11,PA,0
2016,1,PI,0
2016,2,PI,0
2016,3,PI,0
2016,4,PI,0
2016,5,PI,0
2016,6,PI,0
2016,7,PI,0
2016,8,PI,0
2016,9,PI,0
2016,10,PI,0
2016,11,PI,0
2016,12,PI,0
2017,1,PI,0
2017,2,PI,0
2017,3,PI,0
2017,4,PI,0
2017,5,PI,0
2017,6,PI,0
2017,7,PI,0
2017,8,PI,0
2017,9,PI,0
2017,10,PI,0
2017,11,PI,0
2017,12,PI,0
2018,1,PI,0
2018,2,PI,0
2018,3,PI,0
2018,4,PI,0
2018,5,PI,0
2018,6,PI,0
2018,7,PI,0
2018,8,PI,0
2018,9,PI,0
2018,10,PI,0
2018,11,PI,0
2016,1,RN,0
2016,2,RN,0
2016,3,RN,0
2016,4,RN,0
2016,5,RN,0
2016,6,RN,0
2016,7,RN,0
2016,8,RN,0
2016,9,RN,0
2016,10,RN,0
2016,11,RN,0
2016,12,RN,0
2017,1,RN,0
2017,2,RN,0
2017,3,RN,0
2017,4,RN,0
2017,5,RN,0
2017,6,RN,0
2017,7,RN,0
2017,8,RN,0
2017,9,RN,0
2017,10,RN,0
2017,11,RN,0
2017,12,RN,0
2018,1,RN,0
2018,2,RN,0
2018,3,RN,0
2018,4,RN,0
2018,5,RN,0
2018,6,RN,0
2018,7,RN,0
2018,8,RN,0
2018,9,RN,0
2018,10,RN,0
2018,11,RN,0
