Year,Month,UF,Zonas,Conf,Low,High
2019,4,BA,BA_OESTE NORTE,70,52019.250379556106,132410.64261940302
2019,4,BA,BA_OESTE NORTE,75,47601.279481360594,136828.613517599
2019,4,BA,BA_OESTE NORTE,80,42512.9031141321,141916.989884827
2019,4,BA,BA_OESTE NORTE,85,36386.0141749721,148043.878823987
2019,4,BA,BA_OESTE NORTE,90,28423.064434596003,156006.828564363
2019,4,BA,BA_OESTE NORTE,95,16202.2306537995,168227.66234516
2019,4,BA,BA_OESTE SUL,70,0.0,0.0
2019,4,BA,BA_OESTE SUL,75,0.0,0.0
2019,4,BA,BA_OESTE SUL,80,0.0,0.0
2019,4,BA,BA_OESTE SUL,85,0.0,0.0
2019,4,BA,BA_OESTE SUL,90,0.0,0.0
2019,4,BA,BA_OESTE SUL,95,0.0,0.0
2019,4,BA,BA_OUTROS,70,0.0,0.0
2019,4,BA,BA_OUTROS,75,0.0,0.0
2019,4,BA,BA_OUTROS,80,0.0,0.0
2019,4,BA,BA_OUTROS,85,0.0,0.0
2019,4,BA,BA_OUTROS,90,0.0,0.0
2019,4,BA,BA_OUTROS,95,0.0,0.0
2019,4,GO,GO_LESTE,70,48333.84602964249,84343.20850261499
2019,4,GO,GO_LESTE,75,46354.92377147905,86322.13076077843
2019,4,GO,GO_LESTE,80,44075.70974244749,88601.34478980997
2019,4,GO,GO_LESTE,85,41331.319348216864,91345.7351840406
2019,4,GO,GO_LESTE,90,37764.51032095468,94912.5442113028
2019,4,GO,GO_LESTE,95,32290.48603708968,100386.5684951678
2019,4,GO,GO_NOROESTE,70,0.0,0.0
2019,4,GO,GO_NOROESTE,75,0.0,0.0
2019,4,GO,GO_NOROESTE,80,0.0,0.0
2019,4,GO,GO_NOROESTE,85,0.0,0.0
2019,4,GO,GO_NOROESTE,90,0.0,0.0
2019,4,GO,GO_NOROESTE,95,0.0,0.0
2019,4,GO,GO_SUDOESTE,70,106334.4612652135,185555.058705753
2019,4,GO,GO_SUDOESTE,75,101980.83229725393,189908.68767371256
2019,4,GO,GO_SUDOESTE,80,96966.5614333845,194922.958537582
2019,4,GO,GO_SUDOESTE,85,90928.90256607713,200960.61740488937
2019,4,GO,GO_SUDOESTE,90,83081.9227061003,208807.59726486617
2019,4,GO,GO_SUDOESTE,95,71039.0692815973,220850.45068936917
2019,4,MG,MG_NOROESTE,70,0.0,0.0
2019,4,MG,MG_NOROESTE,75,0.0,0.0
2019,4,MG,MG_NOROESTE,80,0.0,0.0
2019,4,MG,MG_NOROESTE,85,0.0,0.0
2019,4,MG,MG_NOROESTE,90,0.0,0.0
2019,4,MG,MG_NOROESTE,95,0.0,0.0
2019,4,MG,MG_OUTROS,70,0.0,0.0
2019,4,MG,MG_OUTROS,75,0.0,0.0
2019,4,MG,MG_OUTROS,80,0.0,0.0
2019,4,MG,MG_OUTROS,85,0.0,0.0
2019,4,MG,MG_OUTROS,90,0.0,0.0
2019,4,MG,MG_OUTROS,95,0.0,0.0
2019,4,MG,MG_SUL,70,0.0,0.0
2019,4,MG,MG_SUL,75,0.0,0.0
2019,4,MG,MG_SUL,80,0.0,0.0
2019,4,MG,MG_SUL,85,0.0,0.0
2019,4,MG,MG_SUL,90,0.0,0.0
2019,4,MG,MG_SUL,95,0.0,0.0
2019,4,MG,MG_TRIÂNGULO,70,7311.671025836691,32010.635497928903
2019,4,MG,MG_TRIÂNGULO,75,5954.32040392297,33367.9861198426
2019,4,MG,MG_TRIÂNGULO,80,4390.998465924289,34931.308057841205
2019,4,MG,MG_TRIÂNGULO,85,2508.61021493738,36813.6963088282
2019,4,MG,MG_TRIÂNGULO,90,62.1217632406806,39260.184760524906
2019,4,MG,MG_TRIÂNGULO,95,0.0,43014.839717497
2019,4,MS,MS_NORTE,70,2600.307066422628,8064.676958136385
2019,4,MS,MS_NORTE,75,2300.00840899248,8364.975615566533
2019,4,MS,MS_NORTE,80,1954.1408994979797,8710.843125061032
2019,4,MS,MS_NORTE,85,1537.683533650476,9127.300490908536
2019,4,MS,MS_NORTE,90,996.4253019144011,9668.558722644611
2019,4,MS,MS_NORTE,95,165.74984894815083,10499.23417561086
2019,4,MS,MS_SUL,70,19068.918487099272,59140.964359666825
2019,4,MS,MS_SUL,75,16866.72833261152,61343.15451415457
2019,4,MS,MS_SUL,80,14330.36659631852,63879.516250447574
2019,4,MS,MS_SUL,85,11276.345913436824,66933.53693332926
2019,4,MS,MS_SUL,90,7307.118880705609,70902.76396606049
2019,4,MS,MS_SUL,95,1215.4988922864393,76994.38395447964
2019,4,MT,MT_MÉDIO NORTE,70,155038.0163385954,230080.12797586998
2019,4,MT,MT_MÉDIO NORTE,75,150914.01927727446,234204.12503719088
2019,4,MT,MT_MÉDIO NORTE,80,146164.2258384096,238953.9184760554
2019,4,MT,MT_MÉDIO NORTE,85,140445.02293681164,244673.12137765336
2019,4,MT,MT_MÉDIO NORTE,90,133011.93157304352,252106.21274142186
2019,4,MT,MT_MÉDIO NORTE,95,121604.27775181059,263513.8665626544
2019,4,MT,MT_NORDESTE,70,0.0,0.0
2019,4,MT,MT_NORDESTE,75,0.0,0.0
2019,4,MT,MT_NORDESTE,80,0.0,0.0
2019,4,MT,MT_NORDESTE,85,0.0,0.0
2019,4,MT,MT_NORDESTE,90,0.0,0.0
2019,4,MT,MT_NORDESTE,95,0.0,0.0
2019,4,MT,MT_NORDESTE_SUL,70,0.0,0.0
2019,4,MT,MT_NORDESTE_SUL,75,0.0,0.0
2019,4,MT,MT_NORDESTE_SUL,80,0.0,0.0
2019,4,MT,MT_NORDESTE_SUL,85,0.0,0.0
2019,4,MT,MT_NORDESTE_SUL,90,0.0,0.0
2019,4,MT,MT_NORDESTE_SUL,95,0.0,0.0
2019,4,MT,MT_NORTE,70,0.0,0.0
2019,4,MT,MT_NORTE,75,0.0,0.0
2019,4,MT,MT_NORTE,80,0.0,0.0
2019,4,MT,MT_NORTE,85,0.0,0.0
2019,4,MT,MT_NORTE,90,0.0,0.0
2019,4,MT,MT_NORTE,95,0.0,0.0
2019,4,MT,MT_OESTE,70,0.0,0.0
2019,4,MT,MT_OESTE,75,0.0,0.0
2019,4,MT,MT_OESTE,80,0.0,0.0
2019,4,MT,MT_OESTE,85,0.0,0.0
2019,4,MT,MT_OESTE,90,0.0,0.0
2019,4,MT,MT_OESTE,95,0.0,0.0
2019,4,MT,MT_SUDESTE,70,272653.0632161506,404623.673336875
2019,4,MT,MT_SUDESTE,75,265400.5166600345,411876.21989299107
2019,4,MT,MT_SUDESTE,80,257047.43164685834,420229.30490616657
2019,4,MT,MT_SUDESTE,85,246989.5230957723,430287.21345725266
2019,4,MT,MT_SUDESTE,90,233917.53483535248,443359.2017176731
2019,4,MT,MT_SUDESTE,95,213855.79880490835,463420.9377481165
2019,4,PR,PR,70,357865.060980763,481650.33282425295
2019,4,PR,PR,75,351062.345996077,488453.04780893796
2019,4,PR,PR,80,343227.352294511,496288.041510505
2019,4,PR,PR,85,333793.274941726,505722.11886329
2019,4,PR,PR,90,321532.06300316803,517983.330801848
2019,4,PR,PR,95,302714.63504773803,536800.758757277
2019,4,RS,RS,70,108065.825841705,209919.410362905
2019,4,RS,RS,75,102468.38363111301,215516.85257349603
2019,4,RS,RS,80,96021.5569503548,221963.679254255
2019,4,RS,RS,85,88258.96467486699,229726.271529743
2019,4,RS,RS,90,78170.13610974299,239815.100094867
2019,4,RS,RS,95,62686.690783927195,255298.545420682
2019,4,SC,SC,70,0.0,26156.6353518454
2019,4,SC,SC,75,0.0,28521.9245290516
2019,4,SC,SC,80,0.0,31246.1347668042
2019,4,SC,SC,85,0.0,34526.3429057168
2019,4,SC,SC,90,0.0,38789.5395798375
2019,4,SC,SC,95,0.0,45332.318277171296
2019,4,SP,SP,70,49343.650916918894,88821.99428351519
2019,4,SP,SP,75,47174.08814106559,90991.5570593685
2019,4,SP,SP,80,44675.304828486696,93490.3403719475
2019,4,SP,SP,85,41666.532140640695,96499.1130597934
2019,4,SP,SP,90,37756.112687727,100409.532512707
2019,4,SP,SP,95,31754.7453922711,106410.89980816301
2019,5,BA,BA_OESTE NORTE,70,120311.861737505,225614.73957092
2019,5,BA,BA_OESTE NORTE,75,114524.86095542801,231401.740352997
2019,5,BA,BA_OESTE NORTE,80,107859.711117369,238066.890191055
2019,5,BA,BA_OESTE NORTE,85,99834.23700274789,246092.36430567698
2019,5,BA,BA_OESTE NORTE,90,89403.748111565,256522.85319685898
2019,5,BA,BA_OESTE NORTE,95,73395.9526152231,272530.648693201
2019,5,BA,BA_OESTE SUL,70,0.0,0.0
2019,5,BA,BA_OESTE SUL,75,0.0,0.0
2019,5,BA,BA_OESTE SUL,80,0.0,0.0
2019,5,BA,BA_OESTE SUL,85,0.0,0.0
2019,5,BA,BA_OESTE SUL,90,0.0,0.0
2019,5,BA,BA_OESTE SUL,95,0.0,0.0
2019,5,BA,BA_OUTROS,70,0.0,0.0
2019,5,BA,BA_OUTROS,75,0.0,0.0
2019,5,BA,BA_OUTROS,80,0.0,0.0
2019,5,BA,BA_OUTROS,85,0.0,0.0
2019,5,BA,BA_OUTROS,90,0.0,0.0
2019,5,BA,BA_OUTROS,95,0.0,0.0
2019,5,GO,GO_LESTE,70,61076.85348372531,112001.77426374934
2019,5,GO,GO_LESTE,75,58278.23522708624,114800.39252038841
2019,5,GO,GO_LESTE,80,55054.940342144364,118023.6874053303
2019,5,GO,GO_LESTE,85,51173.786836009676,121904.84091146498
2019,5,GO,GO_LESTE,90,46129.55792784342,126949.06981963123
2019,5,GO,GO_LESTE,95,38388.11976122812,134690.50798624652
2019,5,GO,GO_NOROESTE,70,0.0,0.0
2019,5,GO,GO_NOROESTE,75,0.0,0.0
2019,5,GO,GO_NOROESTE,80,0.0,0.0
2019,5,GO,GO_NOROESTE,85,0.0,0.0
2019,5,GO,GO_NOROESTE,90,0.0,0.0
2019,5,GO,GO_NOROESTE,95,0.0,0.0
2019,5,GO,GO_SUDOESTE,70,134369.0776641957,246403.90338024858
2019,5,GO,GO_SUDOESTE,75,128212.11749958976,252560.86354485454
2019,5,GO,GO_SUDOESTE,80,121120.86875271762,259652.11229172672
2019,5,GO,GO_SUDOESTE,85,112582.3310392213,268190.650005223
2019,5,GO,GO_SUDOESTE,90,101485.02744125556,279287.95360318874
2019,5,GO,GO_SUDOESTE,95,84453.86347470188,296319.11756974243
2019,5,MG,MG_NOROESTE,70,0.0,0.0
2019,5,MG,MG_NOROESTE,75,0.0,0.0
2019,5,MG,MG_NOROESTE,80,0.0,0.0
2019,5,MG,MG_NOROESTE,85,0.0,0.0
2019,5,MG,MG_NOROESTE,90,0.0,0.0
2019,5,MG,MG_NOROESTE,95,0.0,0.0
2019,5,MG,MG_OUTROS,70,0.0,0.0
2019,5,MG,MG_OUTROS,75,0.0,0.0
2019,5,MG,MG_OUTROS,80,0.0,0.0
2019,5,MG,MG_OUTROS,85,0.0,0.0
2019,5,MG,MG_OUTROS,90,0.0,0.0
2019,5,MG,MG_OUTROS,95,0.0,0.0
2019,5,MG,MG_SUL,70,0.0,0.0
2019,5,MG,MG_SUL,75,0.0,0.0
2019,5,MG,MG_SUL,80,0.0,0.0
2019,5,MG,MG_SUL,85,0.0,0.0
2019,5,MG,MG_SUL,90,0.0,0.0
2019,5,MG,MG_SUL,95,0.0,0.0
2019,5,MG,MG_TRIÂNGULO,70,6549.22967388657,31233.924085707004
2019,5,MG,MG_TRIÂNGULO,75,5192.663274129461,32590.4904854642
2019,5,MG,MG_TRIÂNGULO,80,3630.24456016289,34152.9091994307
2019,5,MG,MG_TRIÂNGULO,85,1748.94387678743,36034.2098828062
2019,5,MG,MG_TRIÂNGULO,90,0.0,38479.2848526665
2019,5,MG,MG_TRIÂNGULO,95,0.0,42231.7705222341
2019,5,MS,MS_NORTE,70,4404.445475931408,9932.265679830289
2019,5,MS,MS_NORTE,75,4100.65985770974,10236.051298051943
2019,5,MS,MS_NORTE,80,3750.7762581834595,10585.934897578234
2019,5,MS,MS_NORTE,85,3329.4831380955834,11007.228017666112
2019,5,MS,MS_NORTE,90,2781.9400090233116,11554.771146738385
2019,5,MS,MS_NORTE,95,1941.619049281404,12395.09210648028
2019,5,MS,MS_SUL,70,32299.266823496993,72836.61498542211
2019,5,MS,MS_SUL,75,30071.505623204765,75064.37618571425
2019,5,MS,MS_SUL,80,27505.692560012038,77630.18924890706
2019,5,MS,MS_SUL,85,24416.209679367614,80719.67212955149
2019,5,MS,MS_SUL,90,20400.893399504286,84734.98840941483
2019,5,MS,MS_SUL,95,14238.539694730296,90897.34211418872
2019,5,MT,MT_MÉDIO NORTE,70,216853.61594541688,292321.08908212173
2019,5,MT,MT_MÉDIO NORTE,75,212706.2428151747,296468.46221236425
2019,5,MT,MT_MÉDIO NORTE,80,207929.52610329606,301245.17892424256
2019,5,MT,MT_MÉDIO NORTE,85,202177.90502117685,306996.80000636214
2019,5,MT,MT_MÉDIO NORTE,90,194702.6806361101,314472.02439142886
2019,5,MT,MT_MÉDIO NORTE,95,183230.36476541604,325944.3402621229
2019,5,MT,MT_NORDESTE,70,0.0,0.0
2019,5,MT,MT_NORDESTE,75,0.0,0.0
2019,5,MT,MT_NORDESTE,80,0.0,0.0
2019,5,MT,MT_NORDESTE,85,0.0,0.0
2019,5,MT,MT_NORDESTE,90,0.0,0.0
2019,5,MT,MT_NORDESTE,95,0.0,0.0
2019,5,MT,MT_NORDESTE_SUL,70,0.0,0.0
2019,5,MT,MT_NORDESTE_SUL,75,0.0,0.0
2019,5,MT,MT_NORDESTE_SUL,80,0.0,0.0
2019,5,MT,MT_NORDESTE_SUL,85,0.0,0.0
2019,5,MT,MT_NORDESTE_SUL,90,0.0,0.0
2019,5,MT,MT_NORDESTE_SUL,95,0.0,0.0
2019,5,MT,MT_NORTE,70,0.0,0.0
2019,5,MT,MT_NORTE,75,0.0,0.0
2019,5,MT,MT_NORTE,80,0.0,0.0
2019,5,MT,MT_NORTE,85,0.0,0.0
2019,5,MT,MT_NORTE,90,0.0,0.0
2019,5,MT,MT_NORTE,95,0.0,0.0
2019,5,MT,MT_OESTE,70,0.0,0.0
2019,5,MT,MT_OESTE,75,0.0,0.0
2019,5,MT,MT_OESTE,80,0.0,0.0
2019,5,MT,MT_OESTE,85,0.0,0.0
2019,5,MT,MT_OESTE,90,0.0,0.0
2019,5,MT,MT_OESTE,95,0.0,0.0
2019,5,MT,MT_SUDESTE,70,381363.2556281471,514081.9152823523
2019,5,MT,MT_SUDESTE,75,374069.5994335832,521375.57147691667
2019,5,MT,MT_SUDESTE,80,365669.1665954519,529776.0043150474
2019,5,MT,MT_SUDESTE,85,355554.2467613801,539890.9241491199
2019,5,MT,MT_SUDESTE,90,342408.1624979869,553037.0084125131
2019,5,MT,MT_SUDESTE,95,322232.7104495249,573212.4604609751
2019,5,PR,PR,70,287396.48450362,411516.464702149
2019,5,PR,PR,75,280575.375363407,418337.57384236204
2019,5,PR,PR,80,272719.19628320396,426193.752922565
2019,5,PR,PR,85,263259.609720276,435653.33948549296
2019,5,PR,PR,90,250965.244159986,447947.705045784
2019,5,PR,PR,95,232096.93494652602,466816.014259243
2019,5,RS,RS,70,189289.143843408,329763.58104717
2019,5,RS,RS,75,181569.26291816,337483.461972419
2019,5,RS,RS,80,172677.927831751,346374.797058827
2019,5,RS,RS,85,161971.915016715,357080.809873864
2019,5,RS,RS,90,148057.60339584,370995.12149473897
2019,5,RS,RS,95,126703.143674626,392349.58121595206
2019,5,SC,SC,70,0.0,29160.923696107202
2019,5,SC,SC,75,0.0,32505.947729425297
2019,5,SC,SC,80,0.0,36358.5627943862
2019,5,SC,SC,85,0.0,40997.4776318136
2019,5,SC,SC,90,0.0,47026.5481873806
2019,5,SC,SC,95,0.0,56279.4345566971
2019,5,SP,SP,70,75389.3593294052,119253.88793423401
2019,5,SP,SP,75,72978.7503644426,121664.496899197
2019,5,SP,SP,80,70202.3432828671,124440.903980772
2019,5,SP,SP,85,66859.2851812164,127783.96208242301
2019,5,SP,SP,90,62514.4041319688,132128.843131671
2019,5,SP,SP,95,55846.2634515179,138796.983812122
2019,6,BA,BA_OESTE NORTE,70,89632.0115524302,195299.680709619
2019,6,BA,BA_OESTE NORTE,75,83824.96338210111,201106.728879948
2019,6,BA,BA_OESTE NORTE,80,77136.7240627048,207794.968199345
2019,6,BA,BA_OESTE NORTE,85,69083.4480172489,215848.24424480103
2019,6,BA,BA_OESTE NORTE,90,58616.825718048,226314.866544001
2019,6,BA,BA_OESTE NORTE,95,42553.5758501831,242378.116411866
2019,6,BA,BA_OESTE SUL,70,0.0,0.0
2019,6,BA,BA_OESTE SUL,75,0.0,0.0
2019,6,BA,BA_OESTE SUL,80,0.0,0.0
2019,6,BA,BA_OESTE SUL,85,0.0,0.0
2019,6,BA,BA_OESTE SUL,90,0.0,0.0
2019,6,BA,BA_OESTE SUL,95,0.0,0.0
2019,6,BA,BA_OUTROS,70,0.0,0.0
2019,6,BA,BA_OUTROS,75,0.0,0.0
2019,6,BA,BA_OUTROS,80,0.0,0.0
2019,6,BA,BA_OUTROS,85,0.0,0.0
2019,6,BA,BA_OUTROS,90,0.0,0.0
2019,6,BA,BA_OUTROS,95,0.0,0.0
2019,6,GO,GO_LESTE,70,47679.83244392781,110049.8567436206
2019,6,GO,GO_LESTE,75,44252.2397054703,113477.4494820781
2019,6,GO,GO_LESTE,80,40304.52653832937,117425.16264921872
2019,6,GO,GO_LESTE,85,35551.10454413343,122178.58464341497
2019,6,GO,GO_LESTE,90,29373.21217323443,128356.47701431373
2019,6,GO,GO_LESTE,95,19891.927191917996,137837.76199563028
2019,6,GO,GO_NOROESTE,70,0.0,0.0
2019,6,GO,GO_NOROESTE,75,0.0,0.0
2019,6,GO,GO_NOROESTE,80,0.0,0.0
2019,6,GO,GO_NOROESTE,85,0.0,0.0
2019,6,GO,GO_NOROESTE,90,0.0,0.0
2019,6,GO,GO_NOROESTE,95,0.0,0.0
2019,6,GO,GO_SUDOESTE,70,104895.63137664119,242109.68483596537
2019,6,GO,GO_SUDOESTE,75,97354.92735203469,249650.38886057187
2019,6,GO,GO_SUDOESTE,80,88669.95838432464,258335.35782828124
2019,6,GO,GO_SUDOESTE,85,78212.42999709355,268792.886215513
2019,6,GO,GO_SUDOESTE,90,64621.06678111576,282384.24943149026
2019,6,GO,GO_SUDOESTE,95,43762.2398222196,303243.0763903867
2019,6,MG,MG_NOROESTE,70,0.0,0.0
2019,6,MG,MG_NOROESTE,75,0.0,0.0
2019,6,MG,MG_NOROESTE,80,0.0,0.0
2019,6,MG,MG_NOROESTE,85,0.0,0.0
2019,6,MG,MG_NOROESTE,90,0.0,0.0
2019,6,MG,MG_NOROESTE,95,0.0,0.0
2019,6,MG,MG_OUTROS,70,0.0,0.0
2019,6,MG,MG_OUTROS,75,0.0,0.0
2019,6,MG,MG_OUTROS,80,0.0,0.0
2019,6,MG,MG_OUTROS,85,0.0,0.0
2019,6,MG,MG_OUTROS,90,0.0,0.0
2019,6,MG,MG_OUTROS,95,0.0,0.0
2019,6,MG,MG_SUL,70,0.0,0.0
2019,6,MG,MG_SUL,75,0.0,0.0
2019,6,MG,MG_SUL,80,0.0,0.0
2019,6,MG,MG_SUL,85,0.0,0.0
2019,6,MG,MG_SUL,90,0.0,0.0
2019,6,MG,MG_SUL,95,0.0,0.0
2019,6,MG,MG_TRIÂNGULO,70,6797.57822366195,31482.2726351079
2019,6,MG,MG_TRIÂNGULO,75,5441.011823925421,32838.8390348444
2019,6,MG,MG_TRIÂNGULO,80,3878.5931099825602,34401.2577487873
2019,6,MG,MG_TRIÂNGULO,85,1997.29242663565,36282.558432134196
2019,6,MG,MG_TRIÂNGULO,90,0.0,38727.6334019573
2019,6,MG,MG_TRIÂNGULO,95,0.0,42480.119071468
2019,6,MS,MS_NORTE,70,4618.371703468835,10208.92213004226
2019,6,MS,MS_NORTE,75,4311.13869752952,10516.155135981588
2019,6,MS,MS_NORTE,80,3957.2845860656403,10870.009247445469
2019,6,MS,MS_NORTE,85,3531.2105920962717,11296.083241414823
2019,6,MS,MS_NORTE,90,2977.4538921870962,11849.839941324011
2019,6,MS,MS_NORTE,95,2127.5968912972558,12699.696942213839
2019,6,MS,MS_SUL,70,33868.05915877146,74865.42895364323
2019,6,MS,MS_SUL,75,31615.01711521648,77118.47099719831
2019,6,MS,MS_SUL,80,29020.08696448136,79713.40114793343
2019,6,MS,MS_SUL,85,25895.544342039328,82837.94377037538
2019,6,MS,MS_SUL,90,21834.661876038706,86898.82623637609
2019,6,MS,MS_SUL,95,15602.377202846543,93131.11090956816
2019,6,MT,MT_MÉDIO NORTE,70,167082.39239408862,245451.4032072779
2019,6,MT,MT_MÉDIO NORTE,75,162775.56302534163,249758.23257602492
2019,6,MT,MT_MÉDIO NORTE,80,157815.1933708994,254718.6022304671
2019,6,MT,MT_MÉDIO NORTE,85,151842.43668456544,260691.35891680105
2019,6,MT,MT_MÉDIO NORTE,90,144079.80841154626,268453.9871898202
2019,6,MT,MT_MÉDIO NORTE,95,132166.41037191506,280367.3852294518
2019,6,MT,MT_NORDESTE,70,0.0,0.0
2019,6,MT,MT_NORDESTE,75,0.0,0.0
2019,6,MT,MT_NORDESTE,80,0.0,0.0
2019,6,MT,MT_NORDESTE,85,0.0,0.0
2019,6,MT,MT_NORDESTE,90,0.0,0.0
2019,6,MT,MT_NORDESTE,95,0.0,0.0
2019,6,MT,MT_NORDESTE_SUL,70,0.0,0.0
2019,6,MT,MT_NORDESTE_SUL,75,0.0,0.0
2019,6,MT,MT_NORDESTE_SUL,80,0.0,0.0
2019,6,MT,MT_NORDESTE_SUL,85,0.0,0.0
2019,6,MT,MT_NORDESTE_SUL,90,0.0,0.0
2019,6,MT,MT_NORDESTE_SUL,95,0.0,0.0
2019,6,MT,MT_NORTE,70,0.0,0.0
2019,6,MT,MT_NORTE,75,0.0,0.0
2019,6,MT,MT_NORTE,80,0.0,0.0
2019,6,MT,MT_NORTE,85,0.0,0.0
2019,6,MT,MT_NORTE,90,0.0,0.0
2019,6,MT,MT_NORTE,95,0.0,0.0
2019,6,MT,MT_OESTE,70,0.0,0.0
2019,6,MT,MT_OESTE,75,0.0,0.0
2019,6,MT,MT_OESTE,80,0.0,0.0
2019,6,MT,MT_OESTE,85,0.0,0.0
2019,6,MT,MT_OESTE,90,0.0,0.0
2019,6,MT,MT_OESTE,95,0.0,0.0
2019,6,MT,MT_SUDESTE,70,293834.5521413284,431655.91598521307
2019,6,MT,MT_SUDESTE,75,286260.4729066354,439229.9952199061
2019,6,MT,MT_SUDESTE,80,277537.0642039956,447953.40392254584
2019,6,MT,MT_SUDESTE,85,267033.25072113244,458457.2174054089
2019,6,MT,MT_SUDESTE,90,253381.7320340987,472108.73609244265
2019,6,MT,MT_SUDESTE,95,232430.58375750593,493059.8843690361
2019,6,PR,PR,70,248984.116627731,373104.096827447
2019,6,PR,PR,75,242163.007487453,379925.205967725
2019,6,PR,PR,80,234306.828407175,387781.385048003
2019,6,PR,PR,85,224847.24184415603,397240.971611022
2019,6,PR,PR,90,212552.87628374898,409535.337171429
2019,6,PR,PR,95,193684.567070108,428403.64638507
2019,6,RS,RS,70,231984.669433009,372482.577762962
2019,6,RS,RS,75,224263.49863393698,380203.748562034
2019,6,RS,RS,80,215370.67794166398,389096.569254307
2019,6,RS,RS,85,204662.876315917,399804.37088005396
2019,6,RS,RS,90,190746.239826757,413721.007369213
2019,6,RS,RS,95,169388.212102504,435079.035093466
2019,6,SC,SC,70,0.0,30386.0910716108
2019,6,SC,SC,75,0.0,34482.8921010689
2019,6,SC,SC,80,0.0,39201.3626432915
2019,6,SC,SC,85,0.0,44882.8497992116
2019,6,SC,SC,90,0.0,52266.923041346505
2019,6,SC,SC,95,0.0,63599.348167653494
2019,6,SP,SP,70,0.0,46748.8162788317
2019,6,SP,SP,75,0.0,49378.4679764556
2019,6,SP,SP,80,0.0,52407.1564537149
2019,6,SP,SP,85,0.0,56053.985342197695
2019,6,SP,SP,90,0.0,60793.668962890304
2019,6,SP,SP,95,0.0,68067.7178506223
2019,7,BA,BA_OESTE NORTE,70,97125.49320740151,203156.69979629
2019,7,BA,BA_OESTE NORTE,75,91298.4665574255,208983.72644626602
2019,7,BA,BA_OESTE NORTE,80,84587.2171218398,215694.975881852
2019,7,BA,BA_OESTE NORTE,85,76506.23470873441,223775.958294957
2019,7,BA,BA_OESTE NORTE,90,66003.6032023695,234278.589801322
2019,7,BA,BA_OESTE NORTE,95,49885.089575510996,250397.10342818103
2019,7,BA,BA_OESTE SUL,70,0.0,0.0
2019,7,BA,BA_OESTE SUL,75,0.0,0.0
2019,7,BA,BA_OESTE SUL,80,0.0,0.0
2019,7,BA,BA_OESTE SUL,85,0.0,0.0
2019,7,BA,BA_OESTE SUL,90,0.0,0.0
2019,7,BA,BA_OESTE SUL,95,0.0,0.0
2019,7,BA,BA_OUTROS,70,0.0,0.0
2019,7,BA,BA_OUTROS,75,0.0,0.0
2019,7,BA,BA_OUTROS,80,0.0,0.0
2019,7,BA,BA_OUTROS,85,0.0,0.0
2019,7,BA,BA_OUTROS,90,0.0,0.0
2019,7,BA,BA_OUTROS,95,0.0,0.0
2019,7,GO,GO_LESTE,70,16796.215332085212,88814.9013012328
2019,7,GO,GO_LESTE,75,12838.372957758715,92772.74367555903
2019,7,GO,GO_LESTE,80,8279.947366733562,97331.16926658437
2019,7,GO,GO_LESTE,85,2791.169548820634,102819.94708449718
2019,7,GO,GO_LESTE,90,0.0,109953.56127828154
2019,7,GO,GO_LESTE,95,0.0,120901.60392088779
2019,7,GO,GO_NOROESTE,70,0.0,0.0
2019,7,GO,GO_NOROESTE,75,0.0,0.0
2019,7,GO,GO_NOROESTE,80,0.0,0.0
2019,7,GO,GO_NOROESTE,85,0.0,0.0
2019,7,GO,GO_NOROESTE,90,0.0,0.0
2019,7,GO,GO_NOROESTE,95,0.0,0.0
2019,7,GO,GO_SUDOESTE,70,36951.67373058748,195392.78286271222
2019,7,GO,GO_SUDOESTE,75,28244.42050706918,204100.0360862299
2019,7,GO,GO_SUDOESTE,80,18215.88420681384,214128.57238648564
2019,7,GO,GO_SUDOESTE,85,6140.573007405396,226203.88358589384
2019,7,GO,GO_SUDOESTE,90,0.0,241897.83481221943
2019,7,GO,GO_SUDOESTE,95,0.0,265983.5286259532
2019,7,MG,MG_NOROESTE,70,0.0,0.0
2019,7,MG,MG_NOROESTE,75,0.0,0.0
2019,7,MG,MG_NOROESTE,80,0.0,0.0
2019,7,MG,MG_NOROESTE,85,0.0,0.0
2019,7,MG,MG_NOROESTE,90,0.0,0.0
2019,7,MG,MG_NOROESTE,95,0.0,0.0
2019,7,MG,MG_OUTROS,70,0.0,0.0
2019,7,MG,MG_OUTROS,75,0.0,0.0
2019,7,MG,MG_OUTROS,80,0.0,0.0
2019,7,MG,MG_OUTROS,85,0.0,0.0
2019,7,MG,MG_OUTROS,90,0.0,0.0
2019,7,MG,MG_OUTROS,95,0.0,0.0
2019,7,MG,MG_SUL,70,0.0,0.0
2019,7,MG,MG_SUL,75,0.0,0.0
2019,7,MG,MG_SUL,80,0.0,0.0
2019,7,MG,MG_SUL,85,0.0,0.0
2019,7,MG,MG_SUL,90,0.0,0.0
2019,7,MG,MG_SUL,95,0.0,0.0
2019,7,MG,MG_TRIÂNGULO,70,0.0,24315.9137198362
2019,7,MG,MG_TRIÂNGULO,75,0.0,25672.480119582404
2019,7,MG,MG_TRIÂNGULO,80,0.0,27234.8988335365
2019,7,MG,MG_TRIÂNGULO,85,0.0,29116.1995168969
2019,7,MG,MG_TRIÂNGULO,90,0.0,31561.2744867376
2019,7,MG,MG_TRIÂNGULO,95,0.0,35313.7601562751
2019,7,MS,MS_NORTE,70,3800.5385323099676,9453.123065829035
2019,7,MS,MS_NORTE,75,3489.896394229188,9763.765203909816
2019,7,MS,MS_NORTE,80,3132.115831500444,10121.54576663856
2019,7,MS,MS_NORTE,85,2701.3140168887644,10552.34758125024
2019,7,MS,MS_NORTE,90,2141.4126979845123,11112.248900154491
2019,7,MS,MS_NORTE,95,1282.12547715942,11971.536120979585
2019,7,MS,MS_SUL,70,27870.61590360643,69322.90248274627
2019,7,MS,MS_SUL,75,25592.573557680713,71600.94482867199
2019,7,MS,MS_SUL,80,22968.84943100326,74224.66895534944
2019,7,MS,MS_SUL,85,19809.636123850938,77383.88226250176
2019,7,MS,MS_SUL,90,15703.69311855309,81489.8252677996
2019,7,MS,MS_SUL,95,9402.25349916908,87791.26488718363
2019,7,MT,MT_MÉDIO NORTE,70,208556.55178568384,289723.4426540132
2019,7,MT,MT_MÉDIO NORTE,75,204095.96276287618,294184.03167682054
2019,7,MT,MT_MÉDIO NORTE,80,198958.50117913316,299321.4932605635
2019,7,MT,MT_MÉDIO NORTE,85,192772.50897236224,305507.4854673348
2019,7,MT,MT_MÉDIO NORTE,90,184732.74433389457,313547.2501058021
2019,7,MT,MT_MÉDIO NORTE,95,172394.02181436805,325885.972625329
2019,7,MT,MT_NORDESTE,70,0.0,0.0
2019,7,MT,MT_NORDESTE,75,0.0,0.0
2019,7,MT,MT_NORDESTE,80,0.0,0.0
2019,7,MT,MT_NORDESTE,85,0.0,0.0
2019,7,MT,MT_NORDESTE,90,0.0,0.0
2019,7,MT,MT_NORDESTE,95,0.0,0.0
2019,7,MT,MT_NORDESTE_SUL,70,0.0,0.0
2019,7,MT,MT_NORDESTE_SUL,75,0.0,0.0
2019,7,MT,MT_NORDESTE_SUL,80,0.0,0.0
2019,7,MT,MT_NORDESTE_SUL,85,0.0,0.0
2019,7,MT,MT_NORDESTE_SUL,90,0.0,0.0
2019,7,MT,MT_NORDESTE_SUL,95,0.0,0.0
2019,7,MT,MT_NORTE,70,0.0,0.0
2019,7,MT,MT_NORTE,75,0.0,0.0
2019,7,MT,MT_NORTE,80,0.0,0.0
2019,7,MT,MT_NORTE,85,0.0,0.0
2019,7,MT,MT_NORTE,90,0.0,0.0
2019,7,MT,MT_NORTE,95,0.0,0.0
2019,7,MT,MT_OESTE,70,0.0,0.0
2019,7,MT,MT_OESTE,75,0.0,0.0
2019,7,MT,MT_OESTE,80,0.0,0.0
2019,7,MT,MT_OESTE,85,0.0,0.0
2019,7,MT,MT_OESTE,90,0.0,0.0
2019,7,MT,MT_OESTE,95,0.0,0.0
2019,7,MT,MT_SUDESTE,70,366771.86693344417,509513.64052947174
2019,7,MT,MT_SUDESTE,75,358927.38278988586,517358.1246730294
2019,7,MT,MT_SUDESTE,80,349892.53655640676,526392.9709065085
2019,7,MT,MT_SUDESTE,85,339013.72267553373,537271.7847873821
2019,7,MT,MT_SUDESTE,90,324874.82624236646,551410.6812205488
2019,7,MT,MT_SUDESTE,95,303175.69353561295,573109.813927303
2019,7,PR,PR,70,329012.59796949103,453132.578170885
2019,7,PR,PR,75,322191.48882912,459953.687311255
2019,7,PR,PR,80,314335.30974873604,467809.866391639
2019,7,PR,PR,85,304875.72318559,477269.452954786
2019,7,PR,PR,90,292581.357625016,489563.81851536
2019,7,PR,PR,95,273713.048411121,508432.127729255
2019,7,RS,RS,70,104419.49849080699,244940.874171373
2019,7,RS,RS,75,96697.0380254011,252663.33463677802
2019,7,RS,RS,80,87802.731966238,261557.64069594198
2019,7,RS,RS,85,77093.1418175296,272267.23084465
2019,7,RS,RS,90,63174.1808340647,286186.191828115
2019,7,RS,RS,95,41812.5856807237,307547.78698145604
2019,7,SC,SC,70,0.0,57021.8459041296
2019,7,SC,SC,75,0.0,61752.4242584386
2019,7,SC,SC,80,0.0,67200.84473382481
2019,7,SC,SC,85,0.0,73761.2610115065
2019,7,SC,SC,90,0.0,82287.65435956139
2019,7,SC,SC,95,0.0,95373.211753943
2019,7,SP,SP,70,0.0,51491.1512832309
2019,7,SP,SP,75,0.0,54322.952822645995
2019,7,SP,SP,80,0.0,57584.4663911773
2019,7,SP,SP,85,0.0,61511.6388261124
2019,7,SP,SP,90,0.0,66615.67727559441
2019,7,SP,SP,95,0.0,74448.90585741481
2019,8,BA,BA_OESTE NORTE,70,0.0,103801.07840432801
2019,8,BA,BA_OESTE NORTE,75,0.0,109648.015268938
2019,8,BA,BA_OESTE NORTE,80,0.0,116382.19619681801
2019,8,BA,BA_OESTE NORTE,85,0.0,124490.790306927
2019,8,BA,BA_OESTE NORTE,90,0.0,135029.307979612
2019,8,BA,BA_OESTE NORTE,95,0.0,151202.896533214
2019,8,BA,BA_OESTE SUL,70,0.0,0.0
2019,8,BA,BA_OESTE SUL,75,0.0,0.0
2019,8,BA,BA_OESTE SUL,80,0.0,0.0
2019,8,BA,BA_OESTE SUL,85,0.0,0.0
2019,8,BA,BA_OESTE SUL,90,0.0,0.0
2019,8,BA,BA_OESTE SUL,95,0.0,0.0
2019,8,BA,BA_OUTROS,70,0.0,0.0
2019,8,BA,BA_OUTROS,75,0.0,0.0
2019,8,BA,BA_OUTROS,80,0.0,0.0
2019,8,BA,BA_OUTROS,85,0.0,0.0
2019,8,BA,BA_OUTROS,90,0.0,0.0
2019,8,BA,BA_OUTROS,95,0.0,0.0
2019,8,GO,GO_LESTE,70,6257.526472289343,86776.84693682623
2019,8,GO,GO_LESTE,75,1832.5251799435903,91201.84822917187
2019,8,GO,GO_LESTE,80,0.0,96298.32181846717
2019,8,GO,GO_LESTE,85,0.0,102434.96058286373
2019,8,GO,GO_LESTE,90,0.0,110410.58190405466
2019,8,GO,GO_LESTE,95,0.0,122650.86291080715
2019,8,GO,GO_NOROESTE,70,0.0,0.0
2019,8,GO,GO_NOROESTE,75,0.0,0.0
2019,8,GO,GO_NOROESTE,80,0.0,0.0
2019,8,GO,GO_NOROESTE,85,0.0,0.0
2019,8,GO,GO_NOROESTE,90,0.0,0.0
2019,8,GO,GO_NOROESTE,95,0.0,0.0
2019,8,GO,GO_SUDOESTE,70,13766.558239036556,190909.06326101773
2019,8,GO,GO_SUDOESTE,75,4031.5553958758996,200644.06610417814
2019,8,GO,GO_SUDOESTE,80,0.0,211856.30800062782
2019,8,GO,GO_SUDOESTE,85,0.0,225356.91328230026
2019,8,GO,GO_SUDOESTE,90,0.0,242903.28018892033
2019,8,GO,GO_SUDOESTE,95,0.0,269831.89840377576
2019,8,MG,MG_NOROESTE,70,0.0,0.0
2019,8,MG,MG_NOROESTE,75,0.0,0.0
2019,8,MG,MG_NOROESTE,80,0.0,0.0
2019,8,MG,MG_NOROESTE,85,0.0,0.0
2019,8,MG,MG_NOROESTE,90,0.0,0.0
2019,8,MG,MG_NOROESTE,95,0.0,0.0
2019,8,MG,MG_OUTROS,70,0.0,0.0
2019,8,MG,MG_OUTROS,75,0.0,0.0
2019,8,MG,MG_OUTROS,80,0.0,0.0
2019,8,MG,MG_OUTROS,85,0.0,0.0
2019,8,MG,MG_OUTROS,90,0.0,0.0
2019,8,MG,MG_OUTROS,95,0.0,0.0
2019,8,MG,MG_SUL,70,0.0,0.0
2019,8,MG,MG_SUL,75,0.0,0.0
2019,8,MG,MG_SUL,80,0.0,0.0
2019,8,MG,MG_SUL,85,0.0,0.0
2019,8,MG,MG_SUL,90,0.0,0.0
2019,8,MG,MG_SUL,95,0.0,0.0
2019,8,MG,MG_TRIÂNGULO,70,12276.5848405432,36961.2792523139
2019,8,MG,MG_TRIÂNGULO,75,10920.018440788801,38317.8456520683
2019,8,MG,MG_TRIÂNGULO,80,9357.599726825409,39880.2643660317
2019,8,MG,MG_TRIÂNGULO,85,7476.2990434537405,41761.5650494034
2019,8,MG,MG_TRIÂNGULO,90,5031.22407359839,44206.6400192588
2019,8,MG,MG_TRIÂNGULO,95,1278.73840403836,47959.1256888188
2019,8,MS,MS_NORTE,70,3729.0176727413036,9442.962869767967
2019,8,MS,MS_NORTE,75,3415.003412122056,9756.977130387215
2019,8,MS,MS_NORTE,80,3053.3390237576277,10118.641518751643
2019,8,MS,MS_NORTE,85,2617.8607138139278,10554.119828695344
2019,8,MS,MS_NORTE,90,2051.8814820146035,11120.099060494667
2019,8,MS,MS_NORTE,95,1183.2664159002072,11988.714126609073
2019,8,MS,MS_SUL,70,27346.129600102893,69248.39437829843
2019,8,MS,MS_SUL,75,25043.358355561744,71551.16562283959
2019,8,MS,MS_SUL,80,22391.15284088927,74203.37113751206
2019,8,MS,MS_SUL,85,19197.64523463547,77396.87874376586
2019,8,MS,MS_SUL,90,15047.130868107095,81547.39311029423
2019,8,MS,MS_SUL,95,8677.287049934854,87917.23692846653
2019,8,MT,MT_MÉDIO NORTE,70,110008.19374838218,193879.68138181654
2019,8,MT,MT_MÉDIO NORTE,75,105398.9715265883,198488.90360361082
2019,8,MT,MT_MÉDIO NORTE,80,100090.32238309532,203797.55274710344
2019,8,MT,MT_MÉDIO NORTE,85,93698.20407820209,210189.671051997
2019,8,MT,MT_MÉDIO NORTE,90,85390.54299574363,218497.33213445512
2019,8,MT,MT_MÉDIO NORTE,95,72640.67661380167,231247.19851639704
2019,8,MT,MT_NORDESTE,70,0.0,0.0
2019,8,MT,MT_NORDESTE,75,0.0,0.0
2019,8,MT,MT_NORDESTE,80,0.0,0.0
2019,8,MT,MT_NORDESTE,85,0.0,0.0
2019,8,MT,MT_NORDESTE,90,0.0,0.0
2019,8,MT,MT_NORDESTE,95,0.0,0.0
2019,8,MT,MT_NORDESTE_SUL,70,0.0,0.0
2019,8,MT,MT_NORDESTE_SUL,75,0.0,0.0
2019,8,MT,MT_NORDESTE_SUL,80,0.0,0.0
2019,8,MT,MT_NORDESTE_SUL,85,0.0,0.0
2019,8,MT,MT_NORDESTE_SUL,90,0.0,0.0
2019,8,MT,MT_NORDESTE_SUL,95,0.0,0.0
2019,8,MT,MT_NORTE,70,0.0,0.0
2019,8,MT,MT_NORTE,75,0.0,0.0
2019,8,MT,MT_NORTE,80,0.0,0.0
2019,8,MT,MT_NORTE,85,0.0,0.0
2019,8,MT,MT_NORTE,90,0.0,0.0
2019,8,MT,MT_NORTE,95,0.0,0.0
2019,8,MT,MT_OESTE,70,0.0,0.0
2019,8,MT,MT_OESTE,75,0.0,0.0
2019,8,MT,MT_OESTE,80,0.0,0.0
2019,8,MT,MT_OESTE,85,0.0,0.0
2019,8,MT,MT_OESTE,90,0.0,0.0
2019,8,MT,MT_OESTE,95,0.0,0.0
2019,8,MT,MT_SUDESTE,70,193462.6855574998,340960.8189818154
2019,8,MT,MT_SUDESTE,75,185356.8119950347,349066.69254428125
2019,8,MT,MT_SUDESTE,80,176020.9117771677,358402.5927621476
2019,8,MT,MT_SUDESTE,85,164779.6002754589,369643.90426385694
2019,8,MT,MT_SUDESTE,90,150169.5756132044,384253.9289261109
2019,8,MT,MT_SUDESTE,95,127747.39680358229,406676.1077357329
2019,8,PR,PR,70,286922.496770752,411042.476973786
2019,8,PR,PR,75,280101.387630291,417863.58611424704
2019,8,PR,PR,80,272245.208549803,425719.765194735
2019,8,PR,PR,85,262785.621986532,435179.351758006
2019,8,PR,PR,90,250491.256425795,447473.717318742
2019,8,PR,PR,95,231622.94721165,466342.026532887
2019,8,RS,RS,70,182439.066531081,322983.90564236103
2019,8,RS,RS,75,174715.316614763,330707.65555867896
2019,8,RS,RS,80,165819.525436821,339603.446736622
2019,8,RS,RS,85,155108.147063899,350314.825109543
2019,8,RS,RS,90,141186.861974404,364236.110199039
2019,8,RS,RS,95,119821.699987865,385601.27218557795
2019,8,SC,SC,70,88729.323602975,184969.397085304
2019,8,SC,SC,75,83440.3762164615,190258.344471818
2019,8,SC,SC,80,77348.8569400347,196349.86374824398
2019,8,SC,SC,85,70014.0885613057,203684.632126973
2019,8,SC,SC,90,60481.2909968167,213217.429691462
2019,8,SC,SC,95,45851.19306829481,227847.52761998397
2019,8,SP,SP,70,3157.63438985218,58119.144890734
2019,8,SP,SP,75,137.182235107644,61139.5970454785
2019,8,SP,SP,80,0.0,64618.388037249
2019,8,SP,SP,85,0.0,68807.1831480826
2019,8,SP,SP,90,0.0,74251.24542365481
2019,8,SP,SP,95,0.0,82606.31262001379
2019,9,BA,BA_OESTE NORTE,70,83769.7226946755,190524.290249552
2019,9,BA,BA_OESTE NORTE,75,77902.9431854992,196391.069758728
2019,9,BA,BA_OESTE NORTE,80,71145.9085888191,203148.104355408
2019,9,BA,BA_OESTE NORTE,85,63009.7964885912,211284.21645563602
2019,9,BA,BA_OESTE NORTE,90,52435.5144378605,221858.498506367
2019,9,BA,BA_OESTE NORTE,95,36207.0378674262,238086.97507680103
2019,9,BA,BA_OESTE SUL,70,0.0,0.0
2019,9,BA,BA_OESTE SUL,75,0.0,0.0
2019,9,BA,BA_OESTE SUL,80,0.0,0.0
2019,9,BA,BA_OESTE SUL,85,0.0,0.0
2019,9,BA,BA_OESTE SUL,90,0.0,0.0
2019,9,BA,BA_OESTE SUL,95,0.0,0.0
2019,9,BA,BA_OUTROS,70,0.0,0.0
2019,9,BA,BA_OUTROS,75,0.0,0.0
2019,9,BA,BA_OUTROS,80,0.0,0.0
2019,9,BA,BA_OUTROS,85,0.0,0.0
2019,9,BA,BA_OUTROS,90,0.0,0.0
2019,9,BA,BA_OUTROS,95,0.0,0.0
2019,9,GO,GO_LESTE,70,8260.155054742094,96464.62925024562
2019,9,GO,GO_LESTE,75,3412.810218074187,101311.97408691373
2019,9,GO,GO_LESTE,80,0.0,106894.87978708092
2019,9,GO,GO_LESTE,85,0.0,113617.22906199466
2019,9,GO,GO_LESTE,90,0.0,122354.0822912509
2019,9,GO,GO_LESTE,95,0.0,135762.63497124185
2019,9,GO,GO_NOROESTE,70,0.0,0.0
2019,9,GO,GO_NOROESTE,75,0.0,0.0
2019,9,GO,GO_NOROESTE,80,0.0,0.0
2019,9,GO,GO_NOROESTE,85,0.0,0.0
2019,9,GO,GO_NOROESTE,90,0.0,0.0
2019,9,GO,GO_NOROESTE,95,0.0,0.0
2019,9,GO,GO_SUDOESTE,70,18172.341120432608,212222.1843505404
2019,9,GO,GO_SUDOESTE,75,7508.1824797632125,222886.34299121023
2019,9,GO,GO_SUDOESTE,80,0.0,235168.73553157807
2019,9,GO,GO_SUDOESTE,85,0.0,249957.9039363883
2019,9,GO,GO_SUDOESTE,90,0.0,269178.981040752
2019,9,GO,GO_SUDOESTE,95,0.0,298677.79693673213
2019,9,MG,MG_NOROESTE,70,0.0,0.0
2019,9,MG,MG_NOROESTE,75,0.0,0.0
2019,9,MG,MG_NOROESTE,80,0.0,0.0
2019,9,MG,MG_NOROESTE,85,0.0,0.0
2019,9,MG,MG_NOROESTE,90,0.0,0.0
2019,9,MG,MG_NOROESTE,95,0.0,0.0
2019,9,MG,MG_OUTROS,70,0.0,0.0
2019,9,MG,MG_OUTROS,75,0.0,0.0
2019,9,MG,MG_OUTROS,80,0.0,0.0
2019,9,MG,MG_OUTROS,85,0.0,0.0
2019,9,MG,MG_OUTROS,90,0.0,0.0
2019,9,MG,MG_OUTROS,95,0.0,0.0
2019,9,MG,MG_SUL,70,0.0,0.0
2019,9,MG,MG_SUL,75,0.0,0.0
2019,9,MG,MG_SUL,80,0.0,0.0
2019,9,MG,MG_SUL,85,0.0,0.0
2019,9,MG,MG_SUL,90,0.0,0.0
2019,9,MG,MG_SUL,95,0.0,0.0
2019,9,MG,MG_TRIÂNGULO,70,0.0,24290.703926751
2019,9,MG,MG_TRIÂNGULO,75,0.0,25647.2703265123
2019,9,MG,MG_TRIÂNGULO,80,0.0,27209.6890404837
2019,9,MG,MG_TRIÂNGULO,85,0.0,29090.989723865
2019,9,MG,MG_TRIÂNGULO,90,0.0,31536.0646937329
2019,9,MG,MG_TRIÂNGULO,95,0.0,35288.5503633121
2019,9,MS,MS_NORTE,70,1256.766755346732,7031.42064004878
2019,9,MS,MS_NORTE,75,939.4162020231936,7348.771193372316
2019,9,MS,MS_NORTE,80,573.9092548592952,7714.278140536211
2019,9,MS,MS_NORTE,85,133.8041387779524,8154.383256617555
2019,9,MS,MS_NORTE,90,0.0,8726.375821626996
2019,9,MS,MS_NORTE,95,0.0,9604.21962181926
2019,9,MS,MS_SUL,70,9216.289539209367,51563.751360357724
2019,9,MS,MS_SUL,75,6889.052148170087,53890.98875139698
2019,9,MS,MS_SUL,80,4208.667868968165,56571.37303059889
2019,9,MS,MS_SUL,85,981.2303510383176,59798.81054852874
2019,9,MS,MS_SUL,90,0.0,63993.42269193131
2019,9,MS,MS_SUL,95,0.0,70430.94389334125
2019,9,MT,MT_MÉDIO NORTE,70,169801.08054087887,256292.63297766118
2019,9,MT,MT_MÉDIO NORTE,75,165047.87063918414,261045.84287935597
2019,9,MT,MT_MÉDIO NORTE,80,159573.38438982097,266520.3291287195
2019,9,MT,MT_MÉDIO NORTE,85,152981.582441987,273112.1310765531
2019,9,MT,MT_MÉDIO NORTE,90,144414.39799808033,281679.3155204598
2019,9,MT,MT_MÉDIO NORTE,95,131266.23802319888,294827.47549534123
2019,9,MT,MT_NORDESTE,70,0.0,0.0
2019,9,MT,MT_NORDESTE,75,0.0,0.0
2019,9,MT,MT_NORDESTE,80,0.0,0.0
2019,9,MT,MT_NORDESTE,85,0.0,0.0
2019,9,MT,MT_NORDESTE,90,0.0,0.0
2019,9,MT,MT_NORDESTE,95,0.0,0.0
2019,9,MT,MT_NORDESTE_SUL,70,0.0,0.0
2019,9,MT,MT_NORDESTE_SUL,75,0.0,0.0
2019,9,MT,MT_NORDESTE_SUL,80,0.0,0.0
2019,9,MT,MT_NORDESTE_SUL,85,0.0,0.0
2019,9,MT,MT_NORDESTE_SUL,90,0.0,0.0
2019,9,MT,MT_NORDESTE_SUL,95,0.0,0.0
2019,9,MT,MT_NORTE,70,0.0,0.0
2019,9,MT,MT_NORTE,75,0.0,0.0
2019,9,MT,MT_NORTE,80,0.0,0.0
2019,9,MT,MT_NORTE,85,0.0,0.0
2019,9,MT,MT_NORTE,90,0.0,0.0
2019,9,MT,MT_NORTE,95,0.0,0.0
2019,9,MT,MT_OESTE,70,0.0,0.0
2019,9,MT,MT_OESTE,75,0.0,0.0
2019,9,MT,MT_OESTE,80,0.0,0.0
2019,9,MT,MT_OESTE,85,0.0,0.0
2019,9,MT,MT_OESTE,90,0.0,0.0
2019,9,MT,MT_OESTE,95,0.0,0.0
2019,9,MT,MT_SUDESTE,70,298615.693364994,450721.5269607147
2019,9,MT,MT_SUDESTE,75,290256.60008959984,459080.620236109
2019,9,MT,MT_SUDESTE,80,280629.055306237,468708.1650194724
2019,9,MT,MT_SUDESTE,85,269036.5760186669,480300.6443070419
2019,9,MT,MT_SUDESTE,90,253970.1482035207,495367.0721221881
2019,9,MT,MT_SUDESTE,95,230847.52204079813,518489.6982849107
2019,9,PR,PR,70,196272.715571715,320392.695776464
2019,9,PR,PR,75,189451.606431159,327213.804917019
2019,9,PR,PR,80,181595.427350563,335069.98399761604
2019,9,PR,PR,85,172135.840787161,344529.570561018
2019,9,PR,PR,90,159841.475226254,356823.93612192397
2019,9,PR,PR,95,140973.166011849,375692.24533633
2019,9,RS,RS,70,184380.600287419,324948.898913891
2019,9,RS,RS,75,176655.56113536897,332673.93806594104
2019,9,RS,RS,80,167758.28508648,341571.21411483
2019,9,RS,RS,85,157045.118787761,352284.38041355
2019,9,RS,RS,90,143121.509980076,366207.989221235
2019,9,RS,RS,95,121752.781755563,387576.71744574705
2019,9,SC,SC,70,93459.8247704994,198885.543133887
2019,9,SC,SC,75,87666.0731924551,204679.29471193103
2019,9,SC,SC,80,80993.1481581696,211352.21974621603
2019,9,SC,SC,85,72958.31196803981,219387.055936346
2019,9,SC,SC,90,62515.6554437435,229829.712460643
2019,9,SC,SC,95,46489.1861359834,245856.181768403
2019,9,SP,SP,70,1186.51545147894,59378.6464579014
2019,9,SP,SP,75,0.0,62576.6398515638
2019,9,SP,SP,80,0.0,66259.9130966436
2019,9,SP,SP,85,0.0,70694.9242822401
2019,9,SP,SP,90,0.0,76458.9868463892
2019,9,SP,SP,95,0.0,85305.1622958464
2019,10,BA,BA_OESTE NORTE,70,73770.29595851191,180884.71212563603
2019,10,BA,BA_OESTE NORTE,75,67883.7406916037,186771.267392544
2019,10,BA,BA_OESTE NORTE,80,61103.929462708096,193551.078621439
2019,10,BA,BA_OESTE NORTE,85,52940.39213173441,201714.615952413
2019,10,BA,BA_OESTE NORTE,90,42330.466259773195,212324.541824374
2019,10,BA,BA_OESTE NORTE,95,26047.2866924882,228607.721391659
2019,10,BA,BA_OESTE SUL,70,0.0,0.0
2019,10,BA,BA_OESTE SUL,75,0.0,0.0
2019,10,BA,BA_OESTE SUL,80,0.0,0.0
2019,10,BA,BA_OESTE SUL,85,0.0,0.0
2019,10,BA,BA_OESTE SUL,90,0.0,0.0
2019,10,BA,BA_OESTE SUL,95,0.0,0.0
2019,10,BA,BA_OUTROS,70,0.0,0.0
2019,10,BA,BA_OUTROS,75,0.0,0.0
2019,10,BA,BA_OUTROS,80,0.0,0.0
2019,10,BA,BA_OUTROS,85,0.0,0.0
2019,10,BA,BA_OUTROS,90,0.0,0.0
2019,10,BA,BA_OUTROS,95,0.0,0.0
2019,10,GO,GO_LESTE,70,1620.2280285801405,96891.92292138404
2019,10,GO,GO_LESTE,75,0.0,102127.65231642153
2019,10,GO,GO_LESTE,80,0.0,108157.87803153311
2019,10,GO,GO_LESTE,85,0.0,115418.84313476497
2019,10,GO,GO_LESTE,90,0.0,124855.72060354217
2019,10,GO,GO_LESTE,95,0.0,139338.60881906183
2019,10,GO,GO_NOROESTE,70,0.0,0.0
2019,10,GO,GO_NOROESTE,75,0.0,0.0
2019,10,GO,GO_NOROESTE,80,0.0,0.0
2019,10,GO,GO_NOROESTE,85,0.0,0.0
2019,10,GO,GO_NOROESTE,90,0.0,0.0
2019,10,GO,GO_NOROESTE,95,0.0,0.0
2019,10,GO,GO_SUDOESTE,70,3564.5016628763096,213162.23042704494
2019,10,GO,GO_SUDOESTE,75,0.0,224680.8350961274
2019,10,GO,GO_SUDOESTE,80,0.0,237947.33166937288
2019,10,GO,GO_SUDOESTE,85,0.0,253921.454896483
2019,10,GO,GO_SUDOESTE,90,0.0,274682.58532779285
2019,10,GO,GO_SUDOESTE,95,0.0,306544.9394019361
2019,10,MG,MG_NOROESTE,70,0.0,0.0
2019,10,MG,MG_NOROESTE,75,0.0,0.0
2019,10,MG,MG_NOROESTE,80,0.0,0.0
2019,10,MG,MG_NOROESTE,85,0.0,0.0
2019,10,MG,MG_NOROESTE,90,0.0,0.0
2019,10,MG,MG_NOROESTE,95,0.0,0.0
2019,10,MG,MG_OUTROS,70,0.0,0.0
2019,10,MG,MG_OUTROS,75,0.0,0.0
2019,10,MG,MG_OUTROS,80,0.0,0.0
2019,10,MG,MG_OUTROS,85,0.0,0.0
2019,10,MG,MG_OUTROS,90,0.0,0.0
2019,10,MG,MG_OUTROS,95,0.0,0.0
2019,10,MG,MG_SUL,70,0.0,0.0
2019,10,MG,MG_SUL,75,0.0,0.0
2019,10,MG,MG_SUL,80,0.0,0.0
2019,10,MG,MG_SUL,85,0.0,0.0
2019,10,MG,MG_SUL,90,0.0,0.0
2019,10,MG,MG_SUL,95,0.0,0.0
2019,10,MG,MG_TRIÂNGULO,70,0.0,24639.3657141962
2019,10,MG,MG_TRIÂNGULO,75,0.0,25995.932113965897
2019,10,MG,MG_TRIÂNGULO,80,0.0,27558.3508279469
2019,10,MG,MG_TRIÂNGULO,85,0.0,29439.651511339798
2019,10,MG,MG_TRIÂNGULO,90,0.0,31884.7264812227
2019,10,MG,MG_TRIÂNGULO,95,0.0,35637.212150825
2019,10,MS,MS_NORTE,70,1776.740375147928,7611.471322451447
2019,10,MS,MS_NORTE,75,1456.0882405626721,7932.123457036703
2019,10,MS,MS_NORTE,80,1086.7787133334668,8301.432984265919
2019,10,MS,MS_NORTE,85,642.0949293115068,8746.116768287868
2019,10,MS,MS_NORTE,90,64.15159498813765,9324.060102611244
2019,10,MS,MS_NORTE,95,0.0,10211.03661932496
2019,10,MS,MS_SUL,70,13029.429417751471,55817.45636464395
2019,10,MS,MS_SUL,75,10677.980430792928,58168.905351602494
2019,10,MS,MS_SUL,80,7969.710564445423,60877.175217950076
2019,10,MS,MS_SUL,85,4708.6961482843835,64138.18963411103
2019,10,MS,MS_SUL,90,470.4450299130094,68376.44075248246
2019,10,MS,MS_SUL,95,0.0,74880.93520838303
2019,10,MT,MT_MÉDIO NORTE,70,130790.7738674849,219825.32211537522
2019,10,MT,MT_MÉDIO NORTE,75,125897.81167173655,224718.28431112354
2019,10,MT,MT_MÉDIO NORTE,80,120262.36640142964,230353.72958143047
2019,10,MT,MT_MÉDIO NORTE,85,113476.75448870639,237139.34149415372
2019,10,MT,MT_MÉDIO NORTE,90,104657.6805418362,245958.41544102388
2019,10,MT,MT_MÉDIO NORTE,95,91122.94274752743,259493.1532353327
2019,10,MT,MT_NORDESTE,70,0.0,0.0
2019,10,MT,MT_NORDESTE,75,0.0,0.0
2019,10,MT,MT_NORDESTE,80,0.0,0.0
2019,10,MT,MT_NORDESTE,85,0.0,0.0
2019,10,MT,MT_NORDESTE,90,0.0,0.0
2019,10,MT,MT_NORDESTE,95,0.0,0.0
2019,10,MT,MT_NORDESTE_SUL,70,0.0,0.0
2019,10,MT,MT_NORDESTE_SUL,75,0.0,0.0
2019,10,MT,MT_NORDESTE_SUL,80,0.0,0.0
2019,10,MT,MT_NORDESTE_SUL,85,0.0,0.0
2019,10,MT,MT_NORDESTE_SUL,90,0.0,0.0
2019,10,MT,MT_NORDESTE_SUL,95,0.0,0.0
2019,10,MT,MT_NORTE,70,0.0,0.0
2019,10,MT,MT_NORTE,75,0.0,0.0
2019,10,MT,MT_NORTE,80,0.0,0.0
2019,10,MT,MT_NORTE,85,0.0,0.0
2019,10,MT,MT_NORTE,90,0.0,0.0
2019,10,MT,MT_NORTE,95,0.0,0.0
2019,10,MT,MT_OESTE,70,0.0,0.0
2019,10,MT,MT_OESTE,75,0.0,0.0
2019,10,MT,MT_OESTE,80,0.0,0.0
2019,10,MT,MT_OESTE,85,0.0,0.0
2019,10,MT,MT_OESTE,90,0.0,0.0
2019,10,MT,MT_OESTE,95,0.0,0.0
2019,10,MT,MT_SUDESTE,70,230011.3609393701,386589.35958221176
2019,10,MT,MT_SUDESTE,75,221406.49638822643,395194.22413335537
2019,10,MT,MT_SUDESTE,80,211495.88574044532,405104.83478113654
2019,10,MT,MT_SUDESTE,85,199562.5682387596,417038.15228282224
2019,10,MT,MT_SUDESTE,90,184053.16233219477,432547.558189387
2019,10,MT,MT_SUDESTE,95,160250.69241806556,456350.0281035163
2019,10,PR,PR,70,202265.23924980898,326385.219455786
2019,10,PR,PR,75,195444.13010918602,333206.328596409
2019,10,PR,PR,80,187587.951028512,341062.507677083
2019,10,PR,PR,85,178128.36446501603,350522.094240579
2019,10,PR,PR,90,165833.99890398802,362816.459801607
2019,10,PR,PR,95,146965.689689396,381684.769016199
2019,10,RS,RS,70,163199.992791447,303791.747017988
2019,10,RS,RS,75,155473.664618825,311518.075190611
2019,10,RS,RS,80,146574.90394679699,320416.835862639
2019,10,RS,RS,85,135859.950020663,331131.789788772
2019,10,RS,RS,90,121934.017882591,345057.721926844
2019,10,RS,RS,95,100561.724015269,366430.015794166
2019,10,SC,SC,70,0.0,110981.419854871
2019,10,SC,SC,75,0.0,117239.386796184
2019,10,SC,SC,80,0.0,124446.969603958
2019,10,SC,SC,85,0.0,133125.58458759802
2019,10,SC,SC,90,0.0,144404.94277689
2019,10,SC,SC,95,0.0,161715.50809246302
2019,10,SP,SP,70,0.0,44721.4649890139
2019,10,SP,SP,75,0.0,48087.6485034328
2019,10,SP,SP,80,0.0,51964.6338972296
2019,10,SP,SP,85,0.0,56632.8929276591
2019,10,SP,SP,90,0.0,62700.10132714151
2019,10,SP,SP,95,0.0,72011.5182996193
2019,11,BA,BA_OESTE NORTE,70,114002.25332365699,221475.311453517
2019,11,BA,BA_OESTE NORTE,75,108095.988611371,227381.576165803
2019,11,BA,BA_OESTE NORTE,80,101293.477125188,234184.087651985
2019,11,BA,BA_OESTE NORTE,85,93102.60652614471,242374.958251029
2019,11,BA,BA_OESTE NORTE,90,82457.1563543239,253020.40842285
2019,11,BA,BA_OESTE NORTE,95,66119.4572210592,269358.107556114
2019,11,BA,BA_OESTE SUL,70,0.0,0.0
2019,11,BA,BA_OESTE SUL,75,0.0,0.0
2019,11,BA,BA_OESTE SUL,80,0.0,0.0
2019,11,BA,BA_OESTE SUL,85,0.0,0.0
2019,11,BA,BA_OESTE SUL,90,0.0,0.0
2019,11,BA,BA_OESTE SUL,95,0.0,0.0
2019,11,BA,BA_OUTROS,70,0.0,0.0
2019,11,BA,BA_OUTROS,75,0.0,0.0
2019,11,BA,BA_OUTROS,80,0.0,0.0
2019,11,BA,BA_OUTROS,85,0.0,0.0
2019,11,BA,BA_OUTROS,90,0.0,0.0
2019,11,BA,BA_OUTROS,95,0.0,0.0
2019,11,GO,GO_LESTE,70,5025.378856431155,106875.07461395842
2019,11,GO,GO_LESTE,75,0.0,112472.30311454623
2019,11,GO,GO_LESTE,80,0.0,118918.88365585373
2019,11,GO,GO_LESTE,85,0.0,126681.17955603967
2019,11,GO,GO_LESTE,90,0.0,136769.62293030185
2019,11,GO,GO_LESTE,95,0.0,152252.4770991153
2019,11,GO,GO_NOROESTE,70,0.0,0.0
2019,11,GO,GO_NOROESTE,75,0.0,0.0
2019,11,GO,GO_NOROESTE,80,0.0,0.0
2019,11,GO,GO_NOROESTE,85,0.0,0.0
2019,11,GO,GO_NOROESTE,90,0.0,0.0
2019,11,GO,GO_NOROESTE,95,0.0,0.0
2019,11,GO,GO_SUDOESTE,70,11055.833484148543,235125.16415070856
2019,11,GO,GO_SUDOESTE,75,0.0,247439.06685200174
2019,11,GO,GO_SUDOESTE,80,0.0,261621.54404287826
2019,11,GO,GO_SUDOESTE,85,0.0,278698.59502328734
2019,11,GO,GO_SUDOESTE,90,0.0,300893.17044666415
2019,11,GO,GO_SUDOESTE,95,0.0,334955.4496180537
2019,11,MG,MG_NOROESTE,70,0.0,0.0
2019,11,MG,MG_NOROESTE,75,0.0,0.0
2019,11,MG,MG_NOROESTE,80,0.0,0.0
2019,11,MG,MG_NOROESTE,85,0.0,0.0
2019,11,MG,MG_NOROESTE,90,0.0,0.0
2019,11,MG,MG_NOROESTE,95,0.0,0.0
2019,11,MG,MG_OUTROS,70,0.0,0.0
2019,11,MG,MG_OUTROS,75,0.0,0.0
2019,11,MG,MG_OUTROS,80,0.0,0.0
2019,11,MG,MG_OUTROS,85,0.0,0.0
2019,11,MG,MG_OUTROS,90,0.0,0.0
2019,11,MG,MG_OUTROS,95,0.0,0.0
2019,11,MG,MG_SUL,70,0.0,0.0
2019,11,MG,MG_SUL,75,0.0,0.0
2019,11,MG,MG_SUL,80,0.0,0.0
2019,11,MG,MG_SUL,85,0.0,0.0
2019,11,MG,MG_SUL,90,0.0,0.0
2019,11,MG,MG_SUL,95,0.0,0.0
2019,11,MG,MG_TRIÂNGULO,70,10540.0475052366,35224.74184898
2019,11,MG,MG_TRIÂNGULO,75,9183.481109220671,36581.3082449959
2019,11,MG,MG_TRIÂNGULO,80,7621.06239956304,38143.7269546535
2019,11,MG,MG_TRIÂNGULO,85,5739.7617213759495,40025.0276328406
2019,11,MG,MG_TRIÂNGULO,90,3294.6867582588598,42470.1025959577
2019,11,MG,MG_TRIÂNGULO,95,0.0,46222.58825517639
2019,11,MS,MS_NORTE,70,953.3315267900329,6847.527225209592
2019,11,MS,MS_NORTE,75,629.411460992502,7171.447291007111
2019,11,MS,MS_NORTE,80,256.33810997779074,7544.520642021828
2019,11,MS,MS_NORTE,85,0.0,7993.736427738648
2019,11,MS,MS_NORTE,90,0.0,8577.569880534504
2019,11,MS,MS_NORTE,95,0.0,9473.586032201136
2019,11,MS,MS_SUL,70,6991.097863126908,50215.19965153701
2019,11,MS,MS_SUL,75,4615.684047278349,52590.61346738548
2019,11,MS,MS_SUL,80,1879.812806503799,55326.484708160075
2019,11,MS,MS_SUL,85,0.0,58620.733803416755
2019,11,MS,MS_SUL,90,0.0,62902.179123919705
2019,11,MS,MS_SUL,95,0.0,69472.96423614166
2019,11,MT,MT_MÉDIO NORTE,70,131470.4407487673,222977.34019768646
2019,11,MT,MT_MÉDIO NORTE,75,126441.60858794017,228006.17235851355
2019,11,MT,MT_MÉDIO NORTE,80,120649.67575009278,233798.10519636094
2019,11,MT,MT_MÉDIO NORTE,85,113675.63792751456,240772.14301893918
2019,11,MT,MT_MÉDIO NORTE,90,104611.67198654154,249836.10895991218
2019,11,MT,MT_MÉDIO NORTE,95,90701.095532972,263746.6854134817
2019,11,MT,MT_NORDESTE,70,0.0,0.0
2019,11,MT,MT_NORDESTE,75,0.0,0.0
2019,11,MT,MT_NORDESTE,80,0.0,0.0
2019,11,MT,MT_NORDESTE,85,0.0,0.0
2019,11,MT,MT_NORDESTE,90,0.0,0.0
2019,11,MT,MT_NORDESTE,95,0.0,0.0
2019,11,MT,MT_NORDESTE_SUL,70,0.0,0.0
2019,11,MT,MT_NORDESTE_SUL,75,0.0,0.0
2019,11,MT,MT_NORDESTE_SUL,80,0.0,0.0
2019,11,MT,MT_NORDESTE_SUL,85,0.0,0.0
2019,11,MT,MT_NORDESTE_SUL,90,0.0,0.0
2019,11,MT,MT_NORDESTE_SUL,95,0.0,0.0
2019,11,MT,MT_NORTE,70,0.0,0.0
2019,11,MT,MT_NORTE,75,0.0,0.0
2019,11,MT,MT_NORTE,80,0.0,0.0
2019,11,MT,MT_NORTE,85,0.0,0.0
2019,11,MT,MT_NORTE,90,0.0,0.0
2019,11,MT,MT_NORTE,95,0.0,0.0
2019,11,MT,MT_OESTE,70,0.0,0.0
2019,11,MT,MT_OESTE,75,0.0,0.0
2019,11,MT,MT_OESTE,80,0.0,0.0
2019,11,MT,MT_OESTE,85,0.0,0.0
2019,11,MT,MT_OESTE,90,0.0,0.0
2019,11,MT,MT_OESTE,95,0.0,0.0
2019,11,MT,MT_SUDESTE,70,231206.6371788667,392132.5637959315
2019,11,MT,MT_SUDESTE,75,222362.8288960328,400976.3720787654
2019,11,MT,MT_SUDESTE,80,212177.01597430118,411162.18500049703
2019,11,MT,MT_SUDESTE,85,199912.3287690774,423426.8722057208
2019,11,MT,MT_SUDESTE,90,183972.25073495242,439366.9502398458
2019,11,MT,MT_SUDESTE,95,159508.82317867497,463830.37779612327
2019,11,PR,PR,70,178631.98536023102,302751.965508731
2019,11,PR,PR,75,171810.876222767,309573.074646195
2019,11,PR,PR,80,163954.69714573,317429.253723231
2019,11,PR,PR,85,154495.110586615,326888.840282346
2019,11,PR,PR,90,142200.74503128,339183.205837681
2019,11,PR,PR,95,123332.435825426,358051.515043536
2019,11,RS,RS,70,109949.56702562199,250564.772240102
2019,11,RS,RS,75,102221.95008589,258292.389179835
2019,11,RS,RS,80,93321.7050826479,267192.63418307697
2019,11,RS,RS,85,82604.9638806056,277909.375385119
2019,11,RS,RS,90,68676.7088689879,291837.630396737
2019,11,RS,RS,95,47300.8500599775,313213.48920574697
2019,11,SC,SC,70,0.0,73613.1647828006
2019,11,SC,SC,75,0.0,80303.2128490499
2019,11,SC,SC,80,0.0,88008.4429785263
2019,11,SC,SC,85,0.0,97286.27265284449
2019,11,SC,SC,90,0.0,109344.413763281
2019,11,SC,SC,95,0.0,127850.186500844
2019,11,SP,SP,70,0.0,26329.2469436063
2019,11,SP,SP,75,0.0,29855.6077097931
2019,11,SP,SP,80,0.0,33917.076469652005
2019,11,SP,SP,85,0.0,38807.4710131432
2019,11,SP,SP,90,0.0,45163.382854719406
2019,11,SP,SP,95,0.0,54917.8764373488
2019,12,BA,BA_OESTE NORTE,70,45982.3090834049,150339.821842129
2019,12,BA,BA_OESTE NORTE,75,40247.2615673652,156074.869358169
2019,12,BA,BA_OESTE NORTE,80,33641.948649286,162680.182276248
2019,12,BA,BA_OESTE NORTE,85,25688.5238754984,170633.607050035
2019,12,BA,BA_OESTE NORTE,90,15351.675539185,180970.45538634897
2019,12,BA,BA_OESTE NORTE,95,0.0,196834.53960816198
2019,12,BA,BA_OESTE SUL,70,0.0,0.0
2019,12,BA,BA_OESTE SUL,75,0.0,0.0
2019,12,BA,BA_OESTE SUL,80,0.0,0.0
2019,12,BA,BA_OESTE SUL,85,0.0,0.0
2019,12,BA,BA_OESTE SUL,90,0.0,0.0
2019,12,BA,BA_OESTE SUL,95,0.0,0.0
2019,12,BA,BA_OUTROS,70,0.0,0.0
2019,12,BA,BA_OUTROS,75,0.0,0.0
2019,12,BA,BA_OUTROS,80,0.0,0.0
2019,12,BA,BA_OUTROS,85,0.0,0.0
2019,12,BA,BA_OUTROS,90,0.0,0.0
2019,12,BA,BA_OUTROS,95,0.0,0.0
2019,12,GO,GO_LESTE,70,0.0,91974.36892561716
2019,12,GO,GO_LESTE,75,0.0,97911.1243684253
2019,12,GO,GO_LESTE,80,0.0,104748.75340431122
2019,12,GO,GO_LESTE,85,0.0,112981.90887210653
2019,12,GO,GO_LESTE,90,0.0,123682.31552967278
2019,12,GO,GO_LESTE,95,0.0,140104.35703597407
2019,12,GO,GO_NOROESTE,70,0.0,0.0
2019,12,GO,GO_NOROESTE,75,0.0,0.0
2019,12,GO,GO_NOROESTE,80,0.0,0.0
2019,12,GO,GO_NOROESTE,85,0.0,0.0
2019,12,GO,GO_NOROESTE,90,0.0,0.0
2019,12,GO,GO_NOROESTE,95,0.0,0.0
2019,12,GO,GO_SUDOESTE,70,0.0,202343.6116363578
2019,12,GO,GO_SUDOESTE,75,0.0,215404.4736105357
2019,12,GO,GO_SUDOESTE,80,0.0,230447.25748948473
2019,12,GO,GO_SUDOESTE,85,0.0,248560.19951863444
2019,12,GO,GO_SUDOESTE,90,0.0,272101.09416528017
2019,12,GO,GO_SUDOESTE,95,0.0,308229.58547914296
2019,12,MG,MG_NOROESTE,70,0.0,0.0
2019,12,MG,MG_NOROESTE,75,0.0,0.0
2019,12,MG,MG_NOROESTE,80,0.0,0.0
2019,12,MG,MG_NOROESTE,85,0.0,0.0
2019,12,MG,MG_NOROESTE,90,0.0,0.0
2019,12,MG,MG_NOROESTE,95,0.0,0.0
2019,12,MG,MG_OUTROS,70,0.0,0.0
2019,12,MG,MG_OUTROS,75,0.0,0.0
2019,12,MG,MG_OUTROS,80,0.0,0.0
2019,12,MG,MG_OUTROS,85,0.0,0.0
2019,12,MG,MG_OUTROS,90,0.0,0.0
2019,12,MG,MG_OUTROS,95,0.0,0.0
2019,12,MG,MG_SUL,70,0.0,0.0
2019,12,MG,MG_SUL,75,0.0,0.0
2019,12,MG,MG_SUL,80,0.0,0.0
2019,12,MG,MG_SUL,85,0.0,0.0
2019,12,MG,MG_SUL,90,0.0,0.0
2019,12,MG,MG_SUL,95,0.0,0.0
2019,12,MG,MG_TRIÂNGULO,70,0.0,23123.298985255802
2019,12,MG,MG_TRIÂNGULO,75,0.0,24478.400709603302
2019,12,MG,MG_TRIÂNGULO,80,0.0,26039.1324908328
2019,12,MG,MG_TRIÂNGULO,85,0.0,27918.4019468025
2019,12,MG,MG_TRIÂNGULO,90,0.0,30360.836986038197
2019,12,MG,MG_TRIÂNGULO,95,0.0,34109.2711226429
2019,12,MS,MS_NORTE,70,0.0,4380.688342670508
2019,12,MS,MS_NORTE,75,0.0,4707.843700867248
2019,12,MS,MS_NORTE,80,0.0,5084.643284074188
2019,12,MS,MS_NORTE,85,0.0,5538.345807633419
2019,12,MS,MS_NORTE,90,0.0,6128.010550712533
2019,12,MS,MS_NORTE,95,0.0,7032.976053009587
2019,12,MS,MS_SUL,70,0.0,32125.047846250392
2019,12,MS,MS_SUL,75,0.0,34524.18713969315
2019,12,MS,MS_SUL,80,0.0,37287.38408321071
2019,12,MS,MS_SUL,85,0.0,40614.535922645075
2019,12,MS,MS_SUL,90,0.0,44938.74403855857
2019,12,MS,MS_SUL,95,0.0,51575.15772207031
2019,12,MT,MT_MÉDIO NORTE,70,153295.15529154835,247098.61780966131
2019,12,MT,MT_MÉDIO NORTE,75,148140.11373786358,252253.6593633461
2019,12,MT,MT_MÉDIO NORTE,80,142202.81984926763,258190.9532519421
2019,12,MT,MT_MÉDIO NORTE,85,135053.75350093932,265340.0196002704
2019,12,MT,MT_MÉDIO NORTE,90,125762.30777903364,274631.465322176
2019,12,MT,MT_MÉDIO NORTE,95,111502.61539708203,288891.15770412766
2019,12,MT,MT_NORDESTE,70,0.0,0.0
2019,12,MT,MT_NORDESTE,75,0.0,0.0
2019,12,MT,MT_NORDESTE,80,0.0,0.0
2019,12,MT,MT_NORDESTE,85,0.0,0.0
2019,12,MT,MT_NORDESTE,90,0.0,0.0
2019,12,MT,MT_NORDESTE,95,0.0,0.0
2019,12,MT,MT_NORDESTE_SUL,70,0.0,0.0
2019,12,MT,MT_NORDESTE_SUL,75,0.0,0.0
2019,12,MT,MT_NORDESTE_SUL,80,0.0,0.0
2019,12,MT,MT_NORDESTE_SUL,85,0.0,0.0
2019,12,MT,MT_NORDESTE_SUL,90,0.0,0.0
2019,12,MT,MT_NORDESTE_SUL,95,0.0,0.0
2019,12,MT,MT_NORTE,70,0.0,0.0
2019,12,MT,MT_NORTE,75,0.0,0.0
2019,12,MT,MT_NORTE,80,0.0,0.0
2019,12,MT,MT_NORTE,85,0.0,0.0
2019,12,MT,MT_NORTE,90,0.0,0.0
2019,12,MT,MT_NORTE,95,0.0,0.0
2019,12,MT,MT_OESTE,70,0.0,0.0
2019,12,MT,MT_OESTE,75,0.0,0.0
2019,12,MT,MT_OESTE,80,0.0,0.0
2019,12,MT,MT_OESTE,85,0.0,0.0
2019,12,MT,MT_OESTE,90,0.0,0.0
2019,12,MT,MT_OESTE,95,0.0,0.0
2019,12,MT,MT_SUDESTE,70,269588.03171961964,434552.7416652666
2019,12,MT,MT_SUDESTE,75,260522.26898727744,443618.50439760886
2019,12,MT,MT_SUDESTE,80,250080.8211142294,454059.952270657
2019,12,MT,MT_SUDESTE,85,237508.3251223417,466632.44826254464
2019,12,MT,MT_SUDESTE,90,221168.1964389903,482972.57694589597
2019,12,MT,MT_SUDESTE,95,196090.80638797194,508049.96699691436
2019,12,PR,PR,70,234198.48032323603,358335.73436401103
2019,12,PR,PR,75,227376.421885713,365157.79280153295
2019,12,PR,PR,80,219519.14945697898,373015.065230268
2019,12,PR,PR,85,210058.246398465,382475.968288781
2019,12,PR,PR,90,197762.169824921,394772.044862325
2019,12,PR,PR,95,178891.23469904801,413642.97998819896
2019,12,RS,RS,70,139103.448511165,277463.302405969
2019,12,RS,RS,75,131499.776140844,285066.974776291
2019,12,RS,RS,80,122742.283689027,293824.467228107
2019,12,RS,RS,85,112197.43013153801,304369.32078559697
2019,12,RS,RS,90,98492.57278358881,318074.178133545
2019,12,RS,RS,95,77459.5650289902,339107.185888144
2019,12,SC,SC,70,0.0,73025.2497726852
2019,12,SC,SC,75,0.0,80121.1173037567
2019,12,SC,SC,80,0.0,88293.7480163846
2019,12,SC,SC,85,0.0,98134.3724323636
2019,12,SC,SC,90,0.0,110923.962453739
2019,12,SC,SC,95,0.0,130552.298544228
2019,12,SP,SP,70,0.0,48525.883009200195
2019,12,SP,SP,75,0.0,52205.4549629334
2019,12,SP,SP,80,0.0,56443.3839584685
2019,12,SP,SP,85,0.0,61546.2534032129
2019,12,SP,SP,90,0.0,68178.3130543172
2019,12,SP,SP,95,0.0,78356.6139683004
